2049; Rapper-Auftritt im Microsoft-Store: "Fuck these computers..."; http://pentamedia.c3d2.de/submit/2012/10/03/rapper-auftrittimmicrosoft-storefucktheseco/; http://pentamedia.c3d2.de/static_media/page_shots/2012/10/03/rapper-auftrittimmicrosoft-storefucktheseco.png
2046; NIST Selects Winner of Secure Hash Algorithm (SHA-3) Competition; http://pentamedia.c3d2.de/submit/2012/10/03/nistselectswinnerofsecurehashalgorithmsha/; http://pentamedia.c3d2.de/static_media/page_shots/2012/10/03/nistselectswinnerofsecurehashalgorithmsha.png
2044; Nmap Development: Re: Hakin9's new Nmap Guide; http://pentamedia.c3d2.de/submit/2012/09/30/nmapdevelopmentrehakin9apossnewnmapguide/; http://pentamedia.c3d2.de/static_media/page_shots/2012/09/30/nmapdevelopmentrehakin9apossnewnmapguide.png
2043; Rent-to-own PCs surreptitiously captured users&#8217; most intimate moments | Ars Technica; http://pentamedia.c3d2.de/submit/2012/09/28/rent-to-ownpcssurreptitiouslycapturedusers82/; http://pentamedia.c3d2.de/static_media/page_shots/2012/09/28/rent-to-ownpcssurreptitiouslycapturedusers82.png
2042; IEEE log; http://pentamedia.c3d2.de/submit/2012/09/28/ieeelog/; http://pentamedia.c3d2.de/static_media/page_shots/2012/09/28/ieeelog.png
2041; ABC News uses iCloud to track a stolen iPad to TSA officer's home; http://pentamedia.c3d2.de/submit/2012/09/28/abcnewsusesicloudtotrackastolenipadtotsa/; http://pentamedia.c3d2.de/static_media/page_shots/2012/09/28/abcnewsusesicloudtotrackastolenipadtotsa.png
2040; Hackers Breached Adobe Server in Order to Sign Their Malware | Threat Level | Wired.com; http://pentamedia.c3d2.de/submit/2012/09/28/hackersbreachedadobeserverinordertosignthe/; http://pentamedia.c3d2.de/static_media/page_shots/2012/09/28/hackersbreachedadobeserverinordertosignthe.png
2039; FoeBuD nichtamtlicher Lichtausweis akzeptiert; http://pentamedia.c3d2.de/submit/2012/09/25/foebudnichtamtlicherlichtausweisakzeptiert/; http://pentamedia.c3d2.de/static_media/page_shots/2012/09/25/foebudnichtamtlicherlichtausweisakzeptiert.png
2036; Erstes Urteil gegen Raubkopierer in Frankreich | heise online; http://pentamedia.c3d2.de/submit/2012/09/14/erstesurteilgegenraubkopiererinfrankreichh/; http://pentamedia.c3d2.de
2030; 48.000 Kameras an Englands Schulen: Uberwachung auf dem Schulklo - SPIEGEL ONLINE; http://pentamedia.c3d2.de/submit/2012/09/12/48000kamerasanenglandsschulenuberwachungau/; http://pentamedia.c3d2.de/static_media/page_shots/2012/09/12/48000kamerasanenglandsschulenuberwachungau.png
2028; Behold, the Toothbrush That Just Saved the International Space Station; http://pentamedia.c3d2.de/submit/2012/09/10/beholdthetoothbrushthatjustsavedtheinterna001/; http://pentamedia.c3d2.de/static_media/page_shots/2012/09/10/beholdthetoothbrushthatjustsavedtheinterna001.png
2025; Melderegister: Stadte verkaufen Adressdaten und verdienen Millionen - SPIEGEL ONLINE; http://pentamedia.c3d2.de/submit/2012/09/07/melderegisterstadteverkaufenadressdatenundve/; http://pentamedia.c3d2.de/static_media/page_shots/2012/09/07/melderegisterstadteverkaufenadressdatenundve.png
2021; Estonia makes Kids learn to code; http://pentamedia.c3d2.de/submit/2012/09/05/guesswho8217swinningthebrainsracewith10/; http://pentamedia.c3d2.de/static_media/page_shots/2012/09/05/guesswho8217swinningthebrainsracewith10.png
2012; OptOut-Day 20.09.2012 |   Einnahmen der Meldeamter: Wie Burgerdaten zu Geld gemacht werden : OptOutDay.de; http://pentamedia.c3d2.de/submit/2012/08/28/optout-day20092012einnahmendermeldeamter/; http://pentamedia.c3d2.de/static_media/page_shots/2012/08/28/optout-day20092012einnahmendermeldeamter.png
2009; Soziales Netzwerk: Facebook verarbeitet taglich 500 TByte neue Daten - Golem.de; http://pentamedia.c3d2.de/submit/2012/08/28/sozialesnetzwerkfacebookverarbeitettaumlgli/; http://pentamedia.c3d2.de/static_media/page_shots/2012/08/28/sozialesnetzwerkfacebookverarbeitettaumlgli.png
2004; DE-Mail bei der Telekom: E-Mail 39 Cent. Verschlusselung 12 Cent extra; http://pentamedia.c3d2.de/submit/2012/08/22/de-mailbeidertelekome-mail39centverschlus/; http://pentamedia.c3d2.de/static_media/page_shots/2012/08/22/de-mailbeidertelekome-mail39centverschlus.png
1992; Rechtsbruch wird Tradition: Der Staatstrojaner lebt - Feuilleton - FAZ; http://pentamedia.c3d2.de/submit/2012/08/13/rechtsbruchwirdtraditionderstaatstrojanerleb/; http://pentamedia.c3d2.de
1991; Open thread: Amazon forces Unglue.it to Suspend Crowdfunding for Creative Commons eBooks  unglue.it; http://pentamedia.c3d2.de/submit/2012/08/13/openthreadamazonforcesunglueittosuspendcr/; http://pentamedia.c3d2.de/static_media/page_shots/2012/08/13/openthreadamazonforcesunglueittosuspendcr.png
1990; Google stuft DMCA-zensierte herunter; http://pentamedia.c3d2.de/submit/2012/08/10/googlestuftdmca-zensierteherunter/; http://pentamedia.c3d2.de/static_media/page_shots/2012/08/10/googlestuftdmca-zensierteherunter.png
1989; Neue Glasnost-Statistiken outen BitTorrent-bremsende ISPs; http://pentamedia.c3d2.de/submit/2012/08/10/neueglasnost-statistikenoutenbittorrent-bremsen/; http://pentamedia.c3d2.de/static_media/page_shots/2012/08/10/neueglasnost-statistikenoutenbittorrent-bremsen.png
1986; Where Did the Internet Really Come From? | TechPresident; http://pentamedia.c3d2.de/submit/2012/08/06/wheredidtheinternetreallycomefromtechpre/; http://pentamedia.c3d2.de/static_media/page_shots/2012/08/06/wheredidtheinternetreallycomefromtechpre.png
1985; Schneier on Security: Breaking Microsoft's PPTP Protocol; http://pentamedia.c3d2.de/submit/2012/08/06/schneieronsecuritybreakingmicrosoftspptppr/; http://pentamedia.c3d2.de/static_media/page_shots/2012/08/06/schneieronsecuritybreakingmicrosoftspptppr.png
1981; US-Finanzfirma ringt nach teurer Softwarepanne ums Uberleben; http://pentamedia.c3d2.de/submit/2012/08/05/us-finanzfirmaringtnachteurersoftwarepanneums/; http://pentamedia.c3d2.de/static_media/page_shots/2012/08/05/us-finanzfirmaringtnachteurersoftwarepanneums.png
1977; Hacked iCloud password leads to nightmare (updated) | TUAW - The Unofficial Apple Weblog; http://pentamedia.c3d2.de/submit/2012/08/04/hackedicloudpasswordleadstonightmareupdated/; http://pentamedia.c3d2.de/static_media/page_shots/2012/08/04/hackedicloudpasswordleadstonightmareupdated.png
1975; Missile Defense Staff Warned to Stop Surfing Porn Sites - Bloomberg; http://pentamedia.c3d2.de/submit/2012/08/03/missiledefensestaffwarnedtostopsurfingporn/; http://pentamedia.c3d2.de/static_media/page_shots/2012/08/03/missiledefensestaffwarnedtostopsurfingporn.png
1974; BlackBerry maker Research in Motion agrees to hand over its encryption keys to India - Economic Times; http://pentamedia.c3d2.de/submit/2012/08/03/blackberrymakerresearchinmotionagreestohand/; http://pentamedia.c3d2.de/static_media/page_shots/2012/08/03/blackberrymakerresearchinmotionagreestohand.png
1973; Faster Zombies! | Valve; http://pentamedia.c3d2.de/submit/2012/08/03/fasterzombiesvalve/; http://pentamedia.c3d2.de/static_media/page_shots/2012/08/03/no_page_shot.png
1971; Facebook als Ermittlungsansatz fur sachsische Behorden | Alternative Dresden News; http://pentamedia.c3d2.de/submit/2012/08/02/facebookalsermittlungsansatzfursachsischebeho/; http://pentamedia.c3d2.de/static_media/page_shots/2012/08/02/facebookalsermittlungsansatzfursachsischebeho.png
1969; Dropbox bestatigt Datenleck; http://pentamedia.c3d2.de/submit/2012/08/01/dropboxbestatigtdatenleckheisesecurity/; http://pentamedia.c3d2.de/static_media/page_shots/2012/08/01/dropboxbestatigtdatenleckheisesecurity.png
1967; All the American Flags On the Moon Are Now White; http://pentamedia.c3d2.de/submit/2012/08/01/alltheamericanflagsonthemoonarenowwhite/; http://pentamedia.c3d2.de/static_media/page_shots/2012/08/01/alltheamericanflagsonthemoonarenowwhite.png
1966; Power Pwn: This DARPA-funded power strip will hack your network | ZDNet; http://pentamedia.c3d2.de/submit/2012/07/31/powerpwnthisdarpa-fundedpowerstripwillhack/; http://pentamedia.c3d2.de/static_media/page_shots/2012/07/31/powerpwnthisdarpa-fundedpowerstripwillhack.png
1965; Internet-Law  Zulassung einer sachkundigen Person zum Ortstermin des gerichtlichen Sachverstandigen; http://pentamedia.c3d2.de/submit/2012/07/31/internet-lawraquozulassungeinersachkundigen/; http://pentamedia.c3d2.de/static_media/page_shots/2012/07/31/internet-lawraquozulassungeinersachkundigen.png
1964; Issue #4: Constant time comparison for URL tokens  ZeitOnline/briefkasten  GitHub; http://pentamedia.c3d2.de/submit/2012/07/31/issue4constanttimecomparisonforurltokens/; http://pentamedia.c3d2.de/static_media/page_shots/2012/07/31/issue4constanttimecomparisonforurltokens.png
1960; Fans legen bei Olympia Netz lahm - GPS Daten Radrennfahren konnen nicht ubertraen werden; http://pentamedia.c3d2.de/submit/2012/07/30/fanslegenbeiolympianetzlahm-gpsdatenradre/; http://pentamedia.c3d2.de/static_media/page_shots/2012/07/30/fanslegenbeiolympianetzlahm-gpsdatenradre.png
1959; Steve Mann's Blog: Physical assault by McDonald's for wearing Digital Eye Glass; http://pentamedia.c3d2.de/submit/2012/07/30/stevemannsblogphysicalassaultbymcdonalds/; http://pentamedia.c3d2.de/static_media/page_shots/2012/07/30/stevemannsblogphysicalassaultbymcdonalds.png
1958; Black Hat hacker gains access to 4 million hotel rooms with Arduino microcontroller | ExtremeTech; http://pentamedia.c3d2.de/submit/2012/07/30/blackhathackergainsaccessto4millionhotelr/; http://pentamedia.c3d2.de/static_media/page_shots/2012/07/30/blackhathackergainsaccessto4millionhotelr.png
1957; Nach dem Attentat von Denver: Kein Facebook-Profil, kein Job-Angebot - Welt - Tagesspiegel; http://pentamedia.c3d2.de/submit/2012/07/30/nachdemattentatvondenverkeinfacebook-profil/; http://pentamedia.c3d2.de/static_media/page_shots/2012/07/30/nachdemattentatvondenverkeinfacebook-profil.png
1956; Lehrling soll 200.000 Euro fur Facebook-Party zahlen | heise online; http://pentamedia.c3d2.de/submit/2012/07/29/lehrlingsoll200000eurofurfacebook-partyzahl/; http://pentamedia.c3d2.de/static_media/page_shots/2012/07/29/lehrlingsoll200000eurofurfacebook-partyzahl.png
1954; Apple won't carry an ebook because it mentions Amazon - Boing Boing; http://pentamedia.c3d2.de/submit/2012/07/29/applewon039tcarryanebookbecauseitmention/; http://pentamedia.c3d2.de/static_media/page_shots/2012/07/29/applewon039tcarryanebookbecauseitmention.png
1952; Hackerszene verleiht Pwnie Awards 2012 | heise online; http://pentamedia.c3d2.de/submit/2012/07/26/hackerszeneverleihtpwnieawards2012heiseonl/; http://pentamedia.c3d2.de/static_media/page_shots/2012/07/26/hackerszeneverleihtpwnieawards2012heiseonl.png
1951; Uberwachung: Der nachste Staatstrojaner ist enttarnt | Digital | ZEIT ONLINE; http://pentamedia.c3d2.de/submit/2012/07/26/uberwachungdernachstestaatstrojaneristenttar/; http://pentamedia.c3d2.de/static_media/page_shots/2012/07/26/uberwachungdernachstestaatstrojaneristenttar.png
1947; Mexico: The Government Signed ACTA While Mexicans Were Asleep - Global Voices Advocacy; http://pentamedia.c3d2.de/submit/2012/07/25/mexicothegovernmentsignedactawhilemexicans/; http://pentamedia.c3d2.de/static_media/page_shots/2012/07/25/no_page_shot.png
1943; Pornofilter: Bibliothek S.F. richtet Sichtschutz an PC's ein; http://pentamedia.c3d2.de/submit/2012/07/23/pornofilterbibliotheksfrichtetsichtschutza/; http://pentamedia.c3d2.de/static_media/page_shots/2012/07/23/pornofilterbibliotheksfrichtetsichtschutza.png
1941; Zahl Kohle um dein automatisch veroffentlichtes Polizeifoto offline zu nehmen; http://pentamedia.c3d2.de/submit/2012/07/20/zahlkohleumdeinautomatischveroffentlichtespo/; http://pentamedia.c3d2.de/static_media/page_shots/2012/07/20/zahlkohleumdeinautomatischveroffentlichtespo.png
1940; Dachdecker decken falsches Haus ab - Auf's Navi gehort - N24.de; http://pentamedia.c3d2.de/submit/2012/07/20/dachdeckerdeckenfalscheshausab-aufsnavig/; http://pentamedia.c3d2.de/static_media/page_shots/2012/07/20/dachdeckerdeckenfalscheshausab-aufsnavig.png
1939; Infographic: TSA; http://pentamedia.c3d2.de/submit/2012/07/19/infographictsa8211gropeamppillagethe/; http://pentamedia.c3d2.de/static_media/page_shots/2012/07/19/infographictsa8211gropeamppillagethe.png
1935; Birgitta Jonsdottir official blog: Bradley Manning Nobel Peace Prize Nomination 2012; http://pentamedia.c3d2.de/submit/2012/07/16/birgittajonsdottirofficialblogbradleymanning/; http://pentamedia.c3d2.de/static_media/page_shots/2012/07/16/birgittajonsdottirofficialblogbradleymanning.png
1933; Tasmanian cops to world: it's not our job to censor the Internet ; http://pentamedia.c3d2.de/submit/2012/07/15/tasmaniancopstoworlditsnotourjobtocenso/; http://pentamedia.c3d2.de/static_media/page_shots/2012/07/15/no_page_shot.png
1932; Olympic Comittee forbids links if negative opinion; http://pentamedia.c3d2.de/submit/2012/07/15/olympiccomitteeforbidslinksifnegativeopinion/; http://pentamedia.c3d2.de/static_media/page_shots/2012/07/15/olympiccomitteeforbidslinksifnegativeopinion.png
1926; In The UK, You Will Go To Jail Not Just For Encryption, But For Astronomical Noise, Too - Falkvinge on Infopolicy ; http://pentamedia.c3d2.de/submit/2012/07/12/intheukyouwillgotojailnotjustforencry/; http://pentamedia.c3d2.de/static_media/page_shots/2012/07/12/intheukyouwillgotojailnotjustforencry.png
1924; Uber 300.000 GMX-Accounts kompromittiert | heise Security; http://pentamedia.c3d2.de/submit/2012/07/12/uber300000gmx-accountskompromittiertheises/; http://pentamedia.c3d2.de/static_media/page_shots/2012/07/12/uber300000gmx-accountskompromittiertheises.png
1923; A political typo of epic proportions; http://pentamedia.c3d2.de/submit/2012/07/07/apoliticaltypoofepicproportions/; http://pentamedia.c3d2.de/static_media/page_shots/2012/07/07/no_page_shot.png
1920; iBookstore sperrt Czernin-Sammelband als 'zu explizit'; http://pentamedia.c3d2.de/submit/2012/07/05/ibookstoresperrtczernin-sammelbandals8216zu/; http://pentamedia.c3d2.de/static_media/page_shots/2012/07/05/ibookstoresperrtczernin-sammelbandals8216zu.png
1917; Russland fuhrt Internetsperren ein; http://pentamedia.c3d2.de/submit/2012/07/04/russlandfuhrtinternetsperrenein/; http://pentamedia.c3d2.de/static_media/page_shots/2012/07/04/russlandfuhrtinternetsperrenein.png
1916; EuGH zu Oracle vs. UsedSoft: Gebrauchte Software darf verkauft werden  - SPIEGEL ONLINE; http://pentamedia.c3d2.de/submit/2012/07/03/eughzuoraclevsusedsoftgebrauchtesoftwared/; http://pentamedia.c3d2.de/static_media/page_shots/2012/07/03/eughzuoraclevsusedsoftgebrauchtesoftwared.png
1915; Technology News: Tech Blog: Siri Bows to Chinese Censors; http://pentamedia.c3d2.de/submit/2012/07/01/technologynewstechblogsiribowstochinesec/; http://pentamedia.c3d2.de/static_media/page_shots/2012/07/01/technologynewstechblogsiribowstochinesec.png
1914; Privacy Concerns Emerge Over Siri's Storage of Your Voiceprint; http://pentamedia.c3d2.de/submit/2012/07/01/privacyconcernsemergeoversiri039sstorageo/; http://pentamedia.c3d2.de/static_media/page_shots/2012/07/01/privacyconcernsemergeoversiri039sstorageo.png
1913; heise online | Verlangertes Wochenende kann Linux einfrieren; http://pentamedia.c3d2.de/submit/2012/07/01/heiseonlineverlangerteswochenendekannlinux/; http://pentamedia.c3d2.de/static_media/page_shots/2012/07/01/heiseonlineverlangerteswochenendekannlinux.png
1912; heise online | Weiterer Stromausfall in Amazons Cloud; http://pentamedia.c3d2.de/submit/2012/07/01/heiseonlineweitererstromausfallinamazonscl/; http://pentamedia.c3d2.de/static_media/page_shots/2012/07/01/heiseonlineweitererstromausfallinamazonscl.png
1911; heise online | Drohne durch GPS-Spoofing ferngesteuert; http://pentamedia.c3d2.de/submit/2012/07/01/heiseonlinedrohnedurchgps-spoofingferngeste/; http://pentamedia.c3d2.de/static_media/page_shots/2012/07/01/heiseonlinedrohnedurchgps-spoofingferngeste.png
1910; Facebook uberschreibt e-Mail-Adressen auf Telephon-Adressbuchern mit neuen @facebook.com; http://pentamedia.c3d2.de/submit/2012/07/01/facebookuberschreibte-mail-adressenauftelephon/; http://pentamedia.c3d2.de/static_media/page_shots/2012/07/01/facebookuberschreibte-mail-adressenauftelephon.png
1909; 17-jahrige postet Foto von Haufen Geld auf Facebook, wird wenige Stunden spater uberfallen; http://pentamedia.c3d2.de/submit/2012/07/01/17-jahrigepostetfotovonhaufengeldauffaceboo/; http://pentamedia.c3d2.de/static_media/page_shots/2012/07/01/17-jahrigepostetfotovonhaufengeldauffaceboo.png
1908; Chrome crashes macbook air kernel; http://pentamedia.c3d2.de/submit/2012/06/30/chromecrashesmacbookairkernel/; http://pentamedia.c3d2.de/static_media/page_shots/2012/06/30/no_page_shot.png
1907; heise online | ArduSat, der Jedermann-Satellit; http://pentamedia.c3d2.de/submit/2012/06/27/heiseonlineardusatderjedermann-satellit/; http://pentamedia.c3d2.de/static_media/page_shots/2012/06/27/heiseonlineardusatderjedermann-satellit.png
1906; Apple refused to sell an Iranian 19 year old girl an iPad; http://pentamedia.c3d2.de/submit/2012/06/26/applerefusedtosellaniranian19yearoldgirl/; http://pentamedia.c3d2.de/static_media/page_shots/2012/06/26/no_page_shot_1.png
1905; Forscher klauen Schlussel aus RSA-Tokens | heise Security; http://pentamedia.c3d2.de/submit/2012/06/26/forscherklauenschlusselausrsa-tokensheises/; http://pentamedia.c3d2.de/static_media/page_shots/2012/06/26/forscherklauenschlusselausrsa-tokensheises.png
1904; GEMA verklagt Musikpiraten e.V. wegen Nutzung eines Creative Commons-Songs | musik.klarmachen-zum-aendern.de; http://pentamedia.c3d2.de/submit/2012/06/26/gemaverklagtmusikpiratenevwegennutzungeine/; http://pentamedia.c3d2.de/static_media/page_shots/2012/06/26/no_page_shot.png
1902; Alan Turing 100th birthday; http://pentamedia.c3d2.de/submit/2012/06/24/unknowntitle040/; http://pentamedia.c3d2.de/static_media/page_shots/2012/06/24/unknowntitle040.png
1901; Atari wird 40; http://pentamedia.c3d2.de/submit/2012/06/24/atariwird40cowboysabzockerundnutzlicheidi/; http://pentamedia.c3d2.de/static_media/page_shots/2012/06/24/atariwird40cowboysabzockerundnutzlicheidi.png
1900; Microsoft Blocks FSF Donation Website as a 'Gambling Site' ~ Ubuntu Vibes | Daily Ubuntu Linux Updates; http://pentamedia.c3d2.de/submit/2012/06/24/microsoftblocksfsfdonationwebsiteasagambli/; http://pentamedia.c3d2.de/static_media/page_shots/2012/06/24/microsoftblocksfsfdonationwebsiteasagambli.png
1899; NVIDIA Loses Huge GPU Order Due To Linux Blob; http://pentamedia.c3d2.de/submit/2012/06/24/nvidialoseshugegpuorderduetolinuxblob/; http://pentamedia.c3d2.de/static_media/page_shots/2012/06/24/nvidialoseshugegpuorderduetolinuxblob.png
1898; Canonical Clarify Ubuntu SecureBoot Plans; http://pentamedia.c3d2.de/submit/2012/06/23/canonicalclarifyubuntusecurebootplans/; http://pentamedia.c3d2.de/static_media/page_shots/2012/06/23/canonicalclarifyubuntusecurebootplans.png
1897; Broken Cooling Fan Takes Down Amazon's Cloud; http://pentamedia.c3d2.de/submit/2012/06/22/brokencoolingfantakesdownamazon039scloud/; http://pentamedia.c3d2.de/static_media/page_shots/2012/06/22/brokencoolingfantakesdownamazon039scloud.png
1896; Schneier on Security: Apple Patents Data-Poisoning; http://pentamedia.c3d2.de/submit/2012/06/21/schneieronsecurityapplepatentsdata-poisoning/; http://pentamedia.c3d2.de/static_media/page_shots/2012/06/21/schneieronsecurityapplepatentsdata-poisoning.png
1895; Innenminister Friedrich fordert Vorratsdatenspeicherung gegen Twitter-Tater  netzpolitik.org; http://pentamedia.c3d2.de/submit/2012/06/21/innenministerfriedrichfordertvorratsdatenspeich/; http://pentamedia.c3d2.de/static_media/page_shots/2012/06/21/innenministerfriedrichfordertvorratsdatenspeich.png
1894; alevchuk/vim-clutch  GitHub; http://pentamedia.c3d2.de/submit/2012/06/21/alevchukvim-clutchgithub/; http://pentamedia.c3d2.de/static_media/page_shots/2012/06/21/alevchukvim-clutchgithub.png
1893; Greifswald: 23 Abgeordnete stimmen NPD-Antrag zu; http://pentamedia.c3d2.de/submit/2012/06/20/greifswald23abgeordnetestimmennpd-antragzu/; http://pentamedia.c3d2.de/static_media/page_shots/2012/06/20/greifswald23abgeordnetestimmennpd-antragzu.png
1892; Danemark gibt 3-Strikes-Modell auf; http://pentamedia.c3d2.de/submit/2012/06/20/danemarkgibt3-strikes-modellauf/; http://pentamedia.c3d2.de/static_media/page_shots/2012/06/20/danemarkgibt3-strikes-modellauf.png
1891; Microsoft to PC and tablet makers: You're not our future; http://pentamedia.c3d2.de/submit/2012/06/20/unknowntitle039/; http://pentamedia.c3d2.de/static_media/page_shots/2012/06/20/unknowntitle039.png
1890; Defend Innovation; http://pentamedia.c3d2.de/submit/2012/06/20/defendinnovation/; http://pentamedia.c3d2.de/static_media/page_shots/2012/06/20/defendinnovation.png
1889; Six media innovation ventures awarded more than $1.37 million as winners of Knight News Challenge on Networks - Knight Foundation; http://pentamedia.c3d2.de/submit/2012/06/20/sixmediainnovationventuresawardedmorethan1/; http://pentamedia.c3d2.de/static_media/page_shots/2012/06/20/sixmediainnovationventuresawardedmorethan1.png
1888; Stuxnet/Flame/Duqu Uses GPL Code - Slashdot; http://pentamedia.c3d2.de/submit/2012/06/18/stuxnetflameduquusesgplcode-slashdot/; http://pentamedia.c3d2.de/static_media/page_shots/2012/06/18/stuxnetflameduquusesgplcode-slashdot.png
1887; 6.46 million LinkedIn passwords leaked online | ZDNet ; http://pentamedia.c3d2.de/submit/2012/06/18/646millionlinkedinpasswordsleakedonlinezd/; http://pentamedia.c3d2.de/static_media/page_shots/2012/06/18/646millionlinkedinpasswordsleakedonlinezd.png
1886; How Microsoft and Yahoo Are Selling Politicians Access to You - ProPublica; http://pentamedia.c3d2.de/submit/2012/06/18/howmicrosoftandyahooaresellingpoliticiansac/; http://pentamedia.c3d2.de/static_media/page_shots/2012/06/18/howmicrosoftandyahooaresellingpoliticiansac.png
1885; Der Spatz aus Deutschland! | berni43; http://pentamedia.c3d2.de/submit/2012/06/18/derspatzausdeutschlandberni43/; http://pentamedia.c3d2.de/static_media/page_shots/2012/06/18/derspatzausdeutschlandberni43.png
1884; Skype for Windows introduces ads during one-on-one audio calls | The Verge; http://pentamedia.c3d2.de/submit/2012/06/18/skypeforwindowsintroducesadsduringone-on-one/; http://pentamedia.c3d2.de/static_media/page_shots/2012/06/18/skypeforwindowsintroducesadsduringone-on-one.png
1883; Delete WP:Openleaks; http://pentamedia.c3d2.de/submit/2012/06/18/unknowntitle038/; http://pentamedia.c3d2.de/static_media/page_shots/2012/06/18/unknowntitle038.png
1882; Computerbildredakteure gegen Studenten getauscht; http://pentamedia.c3d2.de/submit/2012/06/18/djv-deutscherjournalisten-verbandthemadesta/; http://pentamedia.c3d2.de/static_media/page_shots/2012/06/18/djv-deutscherjournalisten-verbandthemadesta.png
1881; Canadian government wants to fill airports with KGB-style hidden microphones; http://pentamedia.c3d2.de/submit/2012/06/18/canadiangovernmentwantstofillairportswithkg/; http://pentamedia.c3d2.de/static_media/page_shots/2012/06/18/no_page_shot.png
1880; Konkrete Vupen-Preise fur 0days; http://pentamedia.c3d2.de/submit/2012/06/16/konkretevupen-preisefur0days/; http://pentamedia.c3d2.de/static_media/page_shots/2012/06/16/konkretevupen-preisefur0days.png
1879; Privacy ISP scheitert an zu wenig Spenden; http://pentamedia.c3d2.de/submit/2012/06/15/privacyispscheitertanzuwenigspenden/; http://pentamedia.c3d2.de/static_media/page_shots/2012/06/15/privacyispscheitertanzuwenigspenden.png
1878; heise online | Telekom gibt Preise fur SMS-Nachfolger Joyn bekannt; http://pentamedia.c3d2.de/submit/2012/06/14/heiseonlinetelekomgibtpreisefursms-nachfol/; http://pentamedia.c3d2.de/static_media/page_shots/2012/06/14/heiseonlinetelekomgibtpreisefursms-nachfol.png
1877; PGP founder creates secure voice mobile app, bets people will pay for privacy - Boing Boing; http://pentamedia.c3d2.de/submit/2012/06/14/pgpfoundercreatessecurevoicemobileappbets/; http://pentamedia.c3d2.de/static_media/page_shots/2012/06/14/pgpfoundercreatessecurevoicemobileappbets.png
1876; Kogan Hates IE7 So Much It's Imposing A Tax On All Shoppers That Use The Browser | TechCrunch; http://pentamedia.c3d2.de/submit/2012/06/14/koganhatesie7somuchit8217simposingatax/; http://pentamedia.c3d2.de/static_media/page_shots/2012/06/14/koganhatesie7somuchit8217simposingatax.png
1875; Adidas verbietet Verkauf uber Amazon und Ebay - SPIEGEL ONLINE; http://pentamedia.c3d2.de/submit/2012/06/13/adidasverbietetverkaufuberamazonundebay-sp/; http://pentamedia.c3d2.de/static_media/page_shots/2012/06/13/adidasverbietetverkaufuberamazonundebay-sp.png
1874; Twitter @sweden kriegt jede Woche ein anderer, dieses Mal der falsche; http://pentamedia.c3d2.de/submit/2012/06/13/twitterswedenkriegtjedewocheeinandererdie/; http://pentamedia.c3d2.de/static_media/page_shots/2012/06/13/twitterswedenkriegtjedewocheeinandererdie.png
1873; Comcast wachst ein Arsch in der Hose; http://pentamedia.c3d2.de/submit/2012/06/12/comcastwachsteinarschinderhose/; http://pentamedia.c3d2.de/static_media/page_shots/2012/06/12/comcastwachsteinarschinderhose.png
1872; facebook.com/dresden muss in samtlichen Broschuren geandert werden; http://pentamedia.c3d2.de/submit/2012/06/12/facebookcomdresdenmussinsamtlichenbroschuren/; http://pentamedia.c3d2.de/static_media/page_shots/2012/06/12/no_page_shot.png
1871; Metasploit: CVE-2012-2122: A Tragically Comedic... | SecurityStreet; http://pentamedia.c3d2.de/submit/2012/06/11/metasploitcve-2012-2122atragicallycomedic/; http://pentamedia.c3d2.de/static_media/page_shots/2012/06/11/metasploitcve-2012-2122atragicallycomedic.png
1870; US Richter genervt von Patentstreit; http://pentamedia.c3d2.de/submit/2012/06/11/usrichtergenervtvonpatentstreit/; http://pentamedia.c3d2.de/static_media/page_shots/2012/06/11/usrichtergenervtvonpatentstreit.png
1869;    Anti-Piracy Patent Stops Students From Sharing Textbooks | TorrentFreak  ; http://pentamedia.c3d2.de/submit/2012/06/11/anti-piracypatentstopsstudentsfromsharing/; http://pentamedia.c3d2.de/static_media/page_shots/2012/06/11/anti-piracypatentstopsstudentsfromsharing.png
1868; The Pirate Bay evades ISP blockade with IPv6, can do it 18 quintillion more times | ExtremeTech; http://pentamedia.c3d2.de/submit/2012/06/08/thepiratebayevadesispblockadewithipv6can/; http://pentamedia.c3d2.de/static_media/page_shots/2012/06/08/thepiratebayevadesispblockadewithipv6can.png
1867; heise online | Microsoft lie Heise-Meldung aus Google-Suchergebnissen loschen; http://pentamedia.c3d2.de/submit/2012/06/08/heiseonlinemicrosoftlieheise-meldungausgo/; http://pentamedia.c3d2.de/static_media/page_shots/2012/06/08/heiseonlinemicrosoftlieheise-meldungausgo.png
1866; First Two Tube Stations Get Wi-FiTechWeekEurope UK; http://pentamedia.c3d2.de/submit/2012/06/08/firsttwotubestationsgetwi-fitechweekeuropeuk/; http://pentamedia.c3d2.de/static_media/page_shots/2012/06/08/firsttwotubestationsgetwi-fitechweekeuropeuk.png
1865; Netzwerk-Niedergang: StudiVZ kundigt Mitarbeitern - SPIEGEL ONLINE; http://pentamedia.c3d2.de/submit/2012/06/08/netzwerk-niedergangstudivzkundigtmitarbeitern/; http://pentamedia.c3d2.de/static_media/page_shots/2012/06/08/netzwerk-niedergangstudivzkundigtmitarbeitern.png
1864; Hasso-Plattner-Institut: Schufa-Forschungsprojekt gekundigt; http://pentamedia.c3d2.de/submit/2012/06/08/hasso-plattner-institutschufa-forschungsprojekt/; http://pentamedia.c3d2.de/static_media/page_shots/2012/06/08/hasso-plattner-institutschufa-forschungsprojekt.png
1863; Stuxnet/Flame/Duqu Uses GPL Code; http://pentamedia.c3d2.de/submit/2012/06/06/stuxnetflameduquusesgplcode/; http://pentamedia.c3d2.de/static_media/page_shots/2012/06/06/stuxnetflameduquusesgplcode.png
1862; Mitt Romneys E-Mail-Account gehackt - SPIEGEL ONLINE; http://pentamedia.c3d2.de/submit/2012/06/06/mittromneyse-mail-accountgehackt-spiegelonli/; http://pentamedia.c3d2.de/static_media/page_shots/2012/06/06/mittromneyse-mail-accountgehackt-spiegelonli.png
1861; Google begins alerting Gmail users to &#039;state-sponsored&#039; attacks | ZDNet ; http://pentamedia.c3d2.de/submit/2012/06/05/googlebeginsalertinggmailusersto039state/; http://pentamedia.c3d2.de/static_media/page_shots/2012/06/05/googlebeginsalertinggmailusersto039state.png
1860; Adobe schliet Lucken nach Nutzerprotesten | heise Security; http://pentamedia.c3d2.de/submit/2012/06/05/adobeschlietluckennachnutzerprotestenheise/; http://pentamedia.c3d2.de/static_media/page_shots/2012/06/05/adobeschlietluckennachnutzerprotestenheise.png
1859; HORIZONT.NET: VG Wort halt Ausschuttung 2012 wegen Klage vorerst zuruck; http://pentamedia.c3d2.de/submit/2012/06/05/horizontnetvgworthaumlltausschuumlttung/; http://pentamedia.c3d2.de/static_media/page_shots/2012/06/05/horizontnetvgworthaumlltausschuumlttung.png
1858; 30,000 secret surveillance orders approved each year, judge estimates | Ars Technica; http://pentamedia.c3d2.de/submit/2012/06/05/30000secretsurveillanceordersapprovedeachye/; http://pentamedia.c3d2.de/static_media/page_shots/2012/06/05/30000secretsurveillanceordersapprovedeachye.png
1857; 377 Schlusselbegriffe des US Heimatschutzministeriums veroffentlicht  netzpolitik.org; http://pentamedia.c3d2.de/submit/2012/06/05/377schlusselbegriffedesusheimatschutzministeri/; http://pentamedia.c3d2.de/static_media/page_shots/2012/06/05/377schlusselbegriffedesusheimatschutzministeri.png
1856; Bericht: US-Prasident Barack Obama verscharfte Stuxnet-Angriff | Security | News | ZDNet.de; http://pentamedia.c3d2.de/submit/2012/06/05/berichtus-prasidentbarackobamaverscharftestu/; http://pentamedia.c3d2.de/static_media/page_shots/2012/06/05/berichtus-prasidentbarackobamaverscharftestu.png
1855; Stimme statt Passwort | heise Security; http://pentamedia.c3d2.de/submit/2012/06/05/stimmestattpasswortheisesecurity/; http://pentamedia.c3d2.de/static_media/page_shots/2012/06/05/stimmestattpasswortheisesecurity.png
1854;  North Carolina tries to wish away sea-level rise | Environment | guardian.co.uk ; http://pentamedia.c3d2.de/submit/2012/06/05/northcarolinatriestowishawaysea-levelrise/; http://pentamedia.c3d2.de/static_media/page_shots/2012/06/05/northcarolinatriestowishawaysea-levelrise.png
1853; Groklaw - Oracle Sues Lodsys! ~pj - Updated, Complaint as text; http://pentamedia.c3d2.de/submit/2012/06/05/groklaw-oraclesueslodsyspj-updatedcompl/; http://pentamedia.c3d2.de/static_media/page_shots/2012/06/05/groklaw-oraclesueslodsyspj-updatedcompl.png
1852; steuergeldfinanzierte S/W == FOSS; http://pentamedia.c3d2.de/submit/2012/06/05/naalsogehtdochnetzpolitikorg/; http://pentamedia.c3d2.de/static_media/page_shots/2012/06/05/naalsogehtdochnetzpolitikorg.png
1851; UK government staff caught snooping on citizen data | ZDNet ; http://pentamedia.c3d2.de/submit/2012/06/02/ukgovernmentstaffcaughtsnoopingoncitizendat/; http://pentamedia.c3d2.de/static_media/page_shots/2012/06/02/ukgovernmentstaffcaughtsnoopingoncitizendat.png
1850; Microsoft goes green: data centers, offices to be carbon neutral come July | Ars Technica; http://pentamedia.c3d2.de/submit/2012/06/02/microsoftgoesgreendatacentersofficestobe/; http://pentamedia.c3d2.de/static_media/page_shots/2012/06/02/microsoftgoesgreendatacentersofficestobe.png
1849; Latest news on my hardware security research; http://pentamedia.c3d2.de/submit/2012/06/02/latestnewsonmyhardwaresecurityresearch/; http://pentamedia.c3d2.de/static_media/page_shots/2012/06/02/latestnewsonmyhardwaresecurityresearch.png
1848;   German ISP Delivers World Record Internet Download Speed of 4700Mbps - ISPreview UK; http://pentamedia.c3d2.de/submit/2012/06/02/germanispdeliversworldrecordinternetdownlo/; http://pentamedia.c3d2.de/static_media/page_shots/2012/06/02/germanispdeliversworldrecordinternetdownlo.png
1847; Backdoor Found In Hacked Version of Anti-Censorship Tool Simurgh - Slashdot; http://pentamedia.c3d2.de/submit/2012/06/02/backdoorfoundinhackedversionofanti-censorshi/; http://pentamedia.c3d2.de/static_media/page_shots/2012/06/02/backdoorfoundinhackedversionofanti-censorshi.png
1846; RE: tracking-ISSUE-150: DNT conflicts from multiple user agents  [Tracking Definitions and Compliance] from Shane Wiley on 2012-06-01 (public-tracking@w3.org from June 2012); http://pentamedia.c3d2.de/submit/2012/06/02/retracking-issue-150dntconflictsfrommultipl/; http://pentamedia.c3d2.de/static_media/page_shots/2012/06/02/retracking-issue-150dntconflictsfrommultipl.png
1845; Dokumentarfilmer werfen ARD und ZDF Piraterie vor; http://pentamedia.c3d2.de/submit/2012/06/01/dokumentarfilmerwerfenardundzdfpiraterievor/; http://pentamedia.c3d2.de/static_media/page_shots/2012/06/01/dokumentarfilmerwerfenardundzdfpiraterievor.png
1844; Links die Microsoft aus Google nehmen lassen hat werden noch von Bing gefunden; http://pentamedia.c3d2.de/submit/2012/05/26/linksdiemicrosoftausgooglenehmenlassenhatw/; http://pentamedia.c3d2.de/static_media/page_shots/2012/05/26/no_page_shot.png
1843; Google benennt Copyright Takedowns: Microsoft ist #1; http://pentamedia.c3d2.de/submit/2012/05/25/googlebenenntcopyrighttakedownsmicrosoftist/; http://pentamedia.c3d2.de/static_media/page_shots/2012/05/25/googlebenenntcopyrighttakedownsmicrosoftist.png
1842; Nmap 6 kommt mit voller IPv6-Unterstutzung; http://pentamedia.c3d2.de/submit/2012/05/22/nmap6kommtmitvolleripv6-unterstutzung/; http://pentamedia.c3d2.de/static_media/page_shots/2012/05/22/nmap6kommtmitvolleripv6-unterstutzung.png
1841; Microsoft bringt neues Social Network, mit Facebook Login, und Hangouts; http://pentamedia.c3d2.de/submit/2012/05/21/microsoftbringtneuessocialnetworkmitfaceboo/; http://pentamedia.c3d2.de/static_media/page_shots/2012/05/21/microsoftbringtneuessocialnetworkmitfaceboo.png
1840; World's First 'Wikipedia Town' Goes Live Saturday - Technology News - redOrbit; http://pentamedia.c3d2.de/submit/2012/05/19/worldsfirstwikipediatowngoeslivesaturday/; http://pentamedia.c3d2.de/static_media/page_shots/2012/05/19/worldsfirstwikipediatowngoeslivesaturday.png
1839; Feds denken uber Ausnahmeregelungen fur DMCA; http://pentamedia.c3d2.de/submit/2012/05/19/fedsdenkenuberausnahmeregelungenfurdmca/; http://pentamedia.c3d2.de/static_media/page_shots/2012/05/19/fedsdenkenuberausnahmeregelungenfurdmca.png
1838; Facial Detection Cameras on Bar for App; http://pentamedia.c3d2.de/submit/2012/05/19/facialdetectioncamerasonbarforapp/; http://pentamedia.c3d2.de/static_media/page_shots/2012/05/19/facialdetectioncamerasonbarforapp.png
1837; Newark Airport security supervisor assumed murdered man's identity for 2 decades; http://pentamedia.c3d2.de/submit/2012/05/16/newarkairportsecuritysupervisorassumedmurdere/; http://pentamedia.c3d2.de/static_media/page_shots/2012/05/16/newarkairportsecuritysupervisorassumedmurdere.png
1836; Finnish court: open WiFi owners not responsible for copyright infringement - Boing Boing; http://pentamedia.c3d2.de/submit/2012/05/15/finnishcourtopenwifiownersnotresponsiblefo/; http://pentamedia.c3d2.de/static_media/page_shots/2012/05/15/finnishcourtopenwifiownersnotresponsiblefo.png
1835; Microsoft finanziert Pirate Pay; http://pentamedia.c3d2.de/submit/2012/05/13/microsoftfinanziertpiratepay/; http://pentamedia.c3d2.de/static_media/page_shots/2012/05/13/microsoftfinanziertpiratepay.png
1834; Knut Boeser; http://pentamedia.c3d2.de/submit/2012/05/11/knutboeser/; http://pentamedia.c3d2.de/static_media/page_shots/2012/05/11/knutboeser.png
1833; South Korea Still Paying The Price For Embracing Internet Explorer A Decade Ago | Techdirt; http://pentamedia.c3d2.de/submit/2012/05/11/southkoreastillpayingthepriceforembracingi/; http://pentamedia.c3d2.de/static_media/page_shots/2012/05/11/southkoreastillpayingthepriceforembracingi.png
1832; Orangutans at Miami Zoo Use iPads to Communicate | Gadget Lab | Wired.com; http://pentamedia.c3d2.de/submit/2012/05/10/orangutansatmiamizoouseipadstocommunicate/; http://pentamedia.c3d2.de/static_media/page_shots/2012/05/10/orangutansatmiamizoouseipadstocommunicate.png
1831; heise online | Adobe: "Photoshop kein Ziel fur Angreifer"; http://pentamedia.c3d2.de/submit/2012/05/10/heiseonlineadobequotphotoshopkeinzielfu/; http://pentamedia.c3d2.de/static_media/page_shots/2012/05/10/heiseonlineadobequotphotoshopkeinzielfu.png
1830; Amsterdam Tries to Change Culture With Repair Cafes - NYTimes.com; http://pentamedia.c3d2.de/submit/2012/05/10/amsterdamtriestochangeculturewithrepaircaf/; http://pentamedia.c3d2.de/static_media/page_shots/2012/05/10/amsterdamtriestochangeculturewithrepaircaf.png
1829; ist das echt? on Twitpic; http://pentamedia.c3d2.de/submit/2012/05/10/istdasechtontwitpic/; http://pentamedia.c3d2.de/static_media/page_shots/2012/05/10/istdasechtontwitpic.png
1828; Why Tech Review is ditching its iPad edition; http://pentamedia.c3d2.de/submit/2012/05/09/whytechreviewisditchingitsipadedition/; http://pentamedia.c3d2.de/static_media/page_shots/2012/05/09/whytechreviewisditchingitsipadedition.png
1827; Google gets license to test drive autonomous cars on Nevada roads; http://pentamedia.c3d2.de/submit/2012/05/08/googlegetslicensetotestdriveautonomouscars/; http://pentamedia.c3d2.de/static_media/page_shots/2012/05/08/googlegetslicensetotestdriveautonomouscars.png
1826; TeliaSonera will Extragebuhr fur Skype-/VoIP-Nutzung in Spanien & Schweden; http://pentamedia.c3d2.de/submit/2012/05/07/teliasonerawillextragebuhrfurskype-voip-nutzu/; http://pentamedia.c3d2.de/static_media/page_shots/2012/05/07/teliasonerawillextragebuhrfurskype-voip-nutzu.png
1825; Apple security blunder exposes Lion login passwords in clear text | ZDNet ; http://pentamedia.c3d2.de/submit/2012/05/06/applesecurityblunderexposeslionloginpassword/; http://pentamedia.c3d2.de/static_media/page_shots/2012/05/06/applesecurityblunderexposeslionloginpassword.png
1824; Fortune Teller Used Google to Speak to the Dead  - Around the World News - Austrian Times Online News - English Newspaper; http://pentamedia.c3d2.de/submit/2012/05/06/fortunetellerusedgoogletospeaktothedead/; http://pentamedia.c3d2.de/static_media/page_shots/2012/05/06/fortunetellerusedgoogletospeaktothedead.png
1823; Can Someone Explain When The Pirate Bay Was Actually Put On Trial In The UK? | Techdirt; http://pentamedia.c3d2.de/submit/2012/05/06/cansomeoneexplainwhenthepiratebaywasactual/; http://pentamedia.c3d2.de/static_media/page_shots/2012/05/06/cansomeoneexplainwhenthepiratebaywasactual.png
1822; UK nightclub bouncers demanding access to your Facebook profile as a condition of entry - Boing Boing; http://pentamedia.c3d2.de/submit/2012/05/05/uknightclubbouncersdemandingaccesstoyourfac/; http://pentamedia.c3d2.de/static_media/page_shots/2012/05/05/uknightclubbouncersdemandingaccesstoyourfac.png
1821; Urheberrecht: Bundeslander verzichten auf Schultrojaner | Digital | ZEIT ONLINE; http://pentamedia.c3d2.de/submit/2012/05/05/urheberrechtbundeslanderverzichtenaufschultro/; http://pentamedia.c3d2.de/static_media/page_shots/2012/05/05/urheberrechtbundeslanderverzichtenaufschultro.png
1820; Apple blockt Dropbox-Apps oder doch nicht.; http://pentamedia.c3d2.de/submit/2012/05/03/unknowntitle037/; http://pentamedia.c3d2.de/static_media/page_shots/2012/05/03/unknowntitle037.png
1819; Britische ISPs sollen TPB zensieren, zwolf Millionen Visits mehr; http://pentamedia.c3d2.de/submit/2012/05/03/britischeispssollentpbzensierenzwolfmillion/; http://pentamedia.c3d2.de/static_media/page_shots/2012/05/03/britischeispssollentpbzensierenzwolfmillion.png
1818; This week in TSA awfulness: a recap of recent American airport atrocities; http://pentamedia.c3d2.de/submit/2012/05/03/thisweekintsaawfulnessarecapofrecentamer/; http://pentamedia.c3d2.de/static_media/page_shots/2012/05/03/thisweekintsaawfulnessarecapofrecentamer.png
1817; Band and label president had no idea copyright trolls were suing on their behalf; http://pentamedia.c3d2.de/submit/2012/05/03/bandandlabelpresidenthadnoideacopyrighttro/; http://pentamedia.c3d2.de/static_media/page_shots/2012/05/03/bandandlabelpresidenthadnoideacopyrighttro.png
1816; Samsung TVs can be plunged into endless restarts with easy attack; http://pentamedia.c3d2.de/submit/2012/05/03/samsungtvscanbeplungedintoendlessrestartsw/; http://pentamedia.c3d2.de/static_media/page_shots/2012/05/03/samsungtvscanbeplungedintoendlessrestartsw.png
1815; School-issue laptop fitted with anti-social-networking censorship/surveillance software that operates off school networks, too; http://pentamedia.c3d2.de/submit/2012/05/03/school-issuelaptopfittedwithanti-social-networ/; http://pentamedia.c3d2.de/static_media/page_shots/2012/05/03/school-issuelaptopfittedwithanti-social-networ.png
1814; Screwed by the TSA? Now there's an app for that.; http://pentamedia.c3d2.de/submit/2012/05/03/screwedbythetsanowtheresanappforthat/; http://pentamedia.c3d2.de/static_media/page_shots/2012/05/03/screwedbythetsanowtheresanappforthat.png
1813; Skype replaces P2P supernodes with Linux boxes hosted by Microsoft (updated); http://pentamedia.c3d2.de/submit/2012/05/02/skypereplacesp2psupernodeswithlinuxboxeshos/; http://pentamedia.c3d2.de/static_media/page_shots/2012/05/02/skypereplacesp2psupernodeswithlinuxboxeshos.png
1812; Schneier on Security: Al Qaeda Steganography; http://pentamedia.c3d2.de/submit/2012/05/02/schneieronsecurityalqaedasteganography/; http://pentamedia.c3d2.de/static_media/page_shots/2012/05/02/schneieronsecurityalqaedasteganography.png
1811; heise online | China setzt auf eigene Prozessoren-Architektur; http://pentamedia.c3d2.de/submit/2012/04/29/heiseonlinechinasetztaufeigeneprozessoren/; http://pentamedia.c3d2.de/static_media/page_shots/2012/04/29/heiseonlinechinasetztaufeigeneprozessoren.png
1810; heise online | CISPA: Microsoft zieht Unterstutzung fur Cybersecurity-Gesetz zuruck; http://pentamedia.c3d2.de/submit/2012/04/29/heiseonlinecispamicrosoftziehtunterstutzun/; http://pentamedia.c3d2.de/static_media/page_shots/2012/04/29/heiseonlinecispamicrosoftziehtunterstutzun.png
1809; heise online | Kritische Sicherheitslucke in Oracle-Datenbank verplappert; http://pentamedia.c3d2.de/submit/2012/04/29/heiseonlinekritischesicherheitsluckeinoracl/; http://pentamedia.c3d2.de/static_media/page_shots/2012/04/29/heiseonlinekritischesicherheitsluckeinoracl.png
1808; Sicherheitslucke in drei WLAN-Routern der Telekom; http://pentamedia.c3d2.de/submit/2012/04/26/sicherheitsluckeindreiwlan-routerndertelekom/; http://pentamedia.c3d2.de/static_media/page_shots/2012/04/26/sicherheitsluckeindreiwlan-routerndertelekom.png
1807; Jimmy Wales: Internet-Schwarm ersetzt Hollywood; http://pentamedia.c3d2.de/submit/2012/04/24/jimmywalesinternet-schwarmersetzthollywood/; http://pentamedia.c3d2.de/static_media/page_shots/2012/04/24/jimmywalesinternet-schwarmersetzthollywood.png
1806; ZX Spectrum turns 30; http://pentamedia.c3d2.de/submit/2012/04/23/zxspectrumturns30/; http://pentamedia.c3d2.de/static_media/page_shots/2012/04/23/zxspectrumturns30.png
1805; Microsoft Patent Hints At Search Results Tailored To User's Mood, Intelligence - Slashdot; http://pentamedia.c3d2.de/submit/2012/04/22/microsoftpatenthintsatsearchresultstailored/; http://pentamedia.c3d2.de/static_media/page_shots/2012/04/22/microsoftpatenthintsatsearchresultstailored.png
1804; Europaischer Gerichtshof erlaubt Vorratsdatenspeicherung gegen Filesharing; http://pentamedia.c3d2.de/submit/2012/04/20/europaischergerichtshoferlaubtvorratsdatenspeic/; http://pentamedia.c3d2.de/static_media/page_shots/2012/04/20/europaischergerichtshoferlaubtvorratsdatenspeic.png
1803; Is Java Free? Oracle CEO Ellison: I don't know; http://pentamedia.c3d2.de/submit/2012/04/19/isjavafreeoracleceoellisonidontknow/; http://pentamedia.c3d2.de/static_media/page_shots/2012/04/19/isjavafreeoracleceoellisonidontknow.png
1802; Maryland untersagt das Verlangen von (Facebook)-Passwortern von Bewerbern; http://pentamedia.c3d2.de/submit/2012/04/19/marylanduntersagtdasverlangenvonfacebook-pa/; http://pentamedia.c3d2.de/static_media/page_shots/2012/04/19/marylanduntersagtdasverlangenvonfacebook-pa.png
1801; Facebook Blocking Stories About Richard O&#39;Dwyer&#39;s Fight Against Extradition To The US | Techdirt; http://pentamedia.c3d2.de/submit/2012/04/19/facebookblockingstoriesaboutrichardo39dwye/; http://pentamedia.c3d2.de/static_media/page_shots/2012/04/19/facebookblockingstoriesaboutrichardo39dwye.png
1800; Farbrausch veroffentlichen ihre Werkzeuge und Quellen der letzten 10 Jahre; http://pentamedia.c3d2.de/submit/2012/04/15/farbrauschveroffentlichenihrewerkzeugeundquel/; http://pentamedia.c3d2.de/static_media/page_shots/2012/04/15/farbrauschveroffentlichenihrewerkzeugeundquel.png
1799; Facebook supports horrible proposed Internet bill CISPA; http://pentamedia.c3d2.de/submit/2012/04/14/facebooksupportshorribleproposedinternetbill/; http://pentamedia.c3d2.de/static_media/page_shots/2012/04/14/facebooksupportshorribleproposedinternetbill.png
1798; Spaniens Rechte will Aufruf zu Protesten im Internet als Bildung kriminieller Vereinigung bestrafen; http://pentamedia.c3d2.de/submit/2012/04/12/spaniensrechtewillaufrufzuprotestenimintern/; http://pentamedia.c3d2.de/static_media/page_shots/2012/04/12/spaniensrechtewillaufrufzuprotestenimintern.png
1797; Nick Merrill will Privacy-schonenden ISP grunden; http://pentamedia.c3d2.de/submit/2012/04/12/nickmerrillwillprivacy-schonendenispgrunden/; http://pentamedia.c3d2.de/static_media/page_shots/2012/04/12/nickmerrillwillprivacy-schonendenispgrunden.png
1796; In Puerto Rico werden "Intelligente Stromzahler" mit Magneten und uber IR-Schnittstelle manipuliert; http://pentamedia.c3d2.de/submit/2012/04/10/inpuertoricowerdenintelligentestromzahlerm/; http://pentamedia.c3d2.de/static_media/page_shots/2012/04/10/inpuertoricowerdenintelligentestromzahlerm.png
1795; Patent auf "Interaktion in virtuellen Welten; http://pentamedia.c3d2.de/submit/2012/04/10/patentaufinteraktioninvirtuellenwelten/; http://pentamedia.c3d2.de/static_media/page_shots/2012/04/10/patentaufinteraktioninvirtuellenwelten.png
1794; CISPA: Der US-Nachfolger von SOPA und PIPA  netzpolitik.org; http://pentamedia.c3d2.de/submit/2012/04/10/cispaderus-nachfolgervonsopaundpipanetzp/; http://pentamedia.c3d2.de/static_media/page_shots/2012/04/10/cispaderus-nachfolgervonsopaundpipanetzp.png
1793; Hotel&#039;s Free Wi-Fi Comes With Hidden Extras - NYTimes.com; http://pentamedia.c3d2.de/submit/2012/04/10/hotel039sfreewi-ficomeswithhiddenextras/; http://pentamedia.c3d2.de/static_media/page_shots/2012/04/10/no_page_shot.png
1792; New York Auto Show: Upgrading Auto Software In A Flash | Txchnologist; http://pentamedia.c3d2.de/submit/2012/04/10/newyorkautoshowupgradingautosoftwareinaf/; http://pentamedia.c3d2.de/static_media/page_shots/2012/04/10/newyorkautoshowupgradingautosoftwareinaf.png
1791; Microsoft buys Netscape Web patents from AOL to attack Google | ZDNet ; http://pentamedia.c3d2.de/submit/2012/04/10/microsoftbuysnetscapewebpatentsfromaoltoat/; http://pentamedia.c3d2.de/static_media/page_shots/2012/04/10/microsoftbuysnetscapewebpatentsfromaoltoat.png
1790; DPI & Manipulation in Hotel-WiFi mal so richtig aufgefallen; http://pentamedia.c3d2.de/submit/2012/04/08/dpimanipulationinhotel-wifimalsorichtigau/; http://pentamedia.c3d2.de/static_media/page_shots/2012/04/08/dpimanipulationinhotel-wifimalsorichtigau.png
1789; DARPA fordert 1000 Makerspaces an US-Highschools; http://pentamedia.c3d2.de/submit/2012/04/08/darpafordert1000makerspacesanus-highschools/; http://pentamedia.c3d2.de/static_media/page_shots/2012/04/08/darpafordert1000makerspacesanus-highschools.png
1788; >5000 Kunstler haben sich beim TPB-Promotion-Programm angemeldet; http://pentamedia.c3d2.de/submit/2012/04/06/5000kunstlerhabensichbeimtpb-promotion-progr/; http://pentamedia.c3d2.de/static_media/page_shots/2012/04/06/5000kunstlerhabensichbeimtpb-promotion-progr.png
1787; Mac-Trojaner Flashback&#8221;: Selbst Cupertino gehort zum weltweiten Botnet  t3n News; http://pentamedia.c3d2.de/submit/2012/04/05/mac-trojanerflashback8221selbstcupertinog/; http://pentamedia.c3d2.de/static_media/page_shots/2012/04/05/mac-trojanerflashback8221selbstcupertinog.png
1786; Free textbooks are part of &#8222;Digital School&#8221; program   Fundacja Nowoczesna Polska; http://pentamedia.c3d2.de/submit/2012/04/04/freetextbooksarepartof8222digitalschool/; http://pentamedia.c3d2.de/static_media/page_shots/2012/04/04/freetextbooksarepartof8222digitalschool.png
1785; FIPS-zertifizierter Crypto-USB-Stick benutzt immer gleiche Passphrase; http://pentamedia.c3d2.de/submit/2012/04/03/fips-zertifiziertercrypto-usb-stickbenutztimmer/; http://pentamedia.c3d2.de/static_media/page_shots/2012/04/03/no_page_shot.png
1784; Palestinian Authority Arrests Two in One Week over Facebook Posts; http://pentamedia.c3d2.de/submit/2012/04/03/palestinianauthorityarreststwoinoneweekover/; http://pentamedia.c3d2.de/static_media/page_shots/2012/04/03/palestinianauthorityarreststwoinoneweekover.png
1783; Teacher&#8217;s aide fired for refusing to share Facebook access with employer; http://pentamedia.c3d2.de/submit/2012/04/03/teacher8217saidefiredforrefusingtosharef/; http://pentamedia.c3d2.de/static_media/page_shots/2012/04/03/teacher8217saidefiredforrefusingtosharef.png
1782; Hamburger Klinik wirft Patientenakten in den Sperrmull; http://pentamedia.c3d2.de/submit/2012/04/02/hamburgerklinikwirftpatientenaktenindensperr/; http://pentamedia.c3d2.de/static_media/page_shots/2012/04/02/hamburgerklinikwirftpatientenaktenindensperr.png
1781; M$ zieht Logistikzentrale wegen Patentstreit um; http://pentamedia.c3d2.de/submit/2012/04/02/mziehtlogistikzentralewegenpatentstreitum/; http://pentamedia.c3d2.de/static_media/page_shots/2012/04/02/mziehtlogistikzentralewegenpatentstreitum.png
1780; Apple drops 'thermonuclear' patent bombshell  The Register; http://pentamedia.c3d2.de/submit/2012/04/02/appledropsthermonuclearpatentbombshellthe/; http://pentamedia.c3d2.de/static_media/page_shots/2012/04/02/appledropsthermonuclearpatentbombshellthe.png
1779; Gratis-Internet auf Osterreichs Rastplatzen; http://pentamedia.c3d2.de/submit/2012/04/01/gratis-internetaufosterreichsrastplatzen/; http://pentamedia.c3d2.de/static_media/page_shots/2012/04/01/gratis-internetaufosterreichsrastplatzen.png
1778; CCC | Antwort auf den offenen Brief der Tatort-Drehbuchschreiber; http://pentamedia.c3d2.de/submit/2012/03/30/cccantwortaufdenoffenenbriefdertatort-dre/; http://pentamedia.c3d2.de/static_media/page_shots/2012/03/30/cccantwortaufdenoffenenbriefdertatort-dre.png
1777; Langsamster Linux-PC: 8-bit AVR der 32-bit ARM emuliert um Linux zu booten; http://pentamedia.c3d2.de/submit/2012/03/29/langsamsterlinux-pc8-bitavrder32-bitarmemu/; http://pentamedia.c3d2.de/static_media/page_shots/2012/03/29/langsamsterlinux-pc8-bitavrder32-bitarmemu.png
1776; Hackertoolverbot kommt nun auch auf EU-Ebene; http://pentamedia.c3d2.de/submit/2012/03/28/hackertoolverbotkommtnunauchaufeu-ebene/; http://pentamedia.c3d2.de/static_media/page_shots/2012/03/28/no_page_shot.png
1775; Tumblr verbietet Blogs uber Selbstverletzung und Magersucht; http://pentamedia.c3d2.de/submit/2012/03/28/tumblrverbietetblogsuberselbstverletzungundm/; http://pentamedia.c3d2.de/static_media/page_shots/2012/03/28/tumblrverbietetblogsuberselbstverletzungundm.png
1774; Schneier on Security: Congressional Testimony on the TSA; http://pentamedia.c3d2.de/submit/2012/03/27/schneieronsecuritycongressionaltestimonyont/; http://pentamedia.c3d2.de/static_media/page_shots/2012/03/27/schneieronsecuritycongressionaltestimonyont.png
1773; What's in a Name? | The Intercom Blog; http://pentamedia.c3d2.de/submit/2012/03/27/what8217sinanametheintercomblog/; http://pentamedia.c3d2.de/static_media/page_shots/2012/03/27/what8217sinanametheintercomblog.png
1772; Hackers steal passwords from military dating site | Security - CNET News; http://pentamedia.c3d2.de/submit/2012/03/27/hackersstealpasswordsfrommilitarydatingsite/; http://pentamedia.c3d2.de/static_media/page_shots/2012/03/27/hackersstealpasswordsfrommilitarydatingsite.png
1771; Woman Sues Apple Over Glass Door Collision; http://pentamedia.c3d2.de/submit/2012/03/26/womansuesappleoverglassdoorcollision/; http://pentamedia.c3d2.de/static_media/page_shots/2012/03/26/womansuesappleoverglassdoorcollision.png
1770; T-Mobile USA's Web censorship tool blocks Internet Archive, French economics site ; http://pentamedia.c3d2.de/submit/2012/03/26/t-mobileusaswebcensorshiptoolblocksinternet/; http://pentamedia.c3d2.de/static_media/page_shots/2012/03/26/t-mobileusaswebcensorshiptoolblocksinternet.png
1769; Report: Foxconn is recruiting 20,000 workers for next iPhone production, facing strikes |  9to5Mac | Apple Intelligence; http://pentamedia.c3d2.de/submit/2012/03/25/reportfoxconnisrecruiting20000workersforn/; http://pentamedia.c3d2.de/static_media/page_shots/2012/03/25/reportfoxconnisrecruiting20000workersforn.png
1768; Windows Live Messenger verweigert Links zur TPB; http://pentamedia.c3d2.de/submit/2012/03/24/windowslivemessengerverweigertlinkszurtpb/; http://pentamedia.c3d2.de/static_media/page_shots/2012/03/24/windowslivemessengerverweigertlinkszurtpb.png
1767; US Government wouldve paid Comex $250,000 for exclusive use of JailbreakMe; http://pentamedia.c3d2.de/submit/2012/03/23/usgovernmentwouldvepaidcomex250000forexc/; http://pentamedia.c3d2.de/static_media/page_shots/2012/03/23/usgovernmentwouldvepaidcomex250000forexc.png
1766; heise online | Schweizer Postbus-Flotte erhalt Gratis-Internetzugang; http://pentamedia.c3d2.de/submit/2012/03/23/heiseonlineschweizerpostbus-flotteerhaltgra/; http://pentamedia.c3d2.de/static_media/page_shots/2012/03/23/heiseonlineschweizerpostbus-flotteerhaltgra.png
1765; Uberwachung mit Microchips: Brasilianer verwanzen Schuluniformen - SPIEGEL ONLINE - Nachrichten - SchulSPIEGEL; http://pentamedia.c3d2.de/submit/2012/03/23/uberwachungmitmicrochipsbrasilianerverwanzen/; http://pentamedia.c3d2.de/static_media/page_shots/2012/03/23/uberwachungmitmicrochipsbrasilianerverwanzen.png
1764; Happy Birthday GCC!  Free Software Foundation  working together for free software; http://pentamedia.c3d2.de/submit/2012/03/23/happybirthdaygccmdashfreesoftwarefoundati/; http://pentamedia.c3d2.de/static_media/page_shots/2012/03/23/happybirthdaygccmdashfreesoftwarefoundati.png
1763; Freie Software: Island will ganz offen werden - Golem.de; http://pentamedia.c3d2.de/submit/2012/03/22/freiesoftwareislandwillganzoffenwerden-go/; http://pentamedia.c3d2.de/static_media/page_shots/2012/03/22/freiesoftwareislandwillganzoffenwerden-go.png
1762; Pirate Bay servers going airborne in tiny drones - Boing Boing; http://pentamedia.c3d2.de/submit/2012/03/20/piratebayserversgoingairborneintinydrones/; http://pentamedia.c3d2.de/static_media/page_shots/2012/03/20/piratebayserversgoingairborneintinydrones.png
1761; UK petrol station CCTVs will check insurance/tax status before you are allowed to fill up; http://pentamedia.c3d2.de/submit/2012/03/18/ukpetrolstationcctvswillcheckinsurancetaxs/; http://pentamedia.c3d2.de/static_media/page_shots/2012/03/18/ukpetrolstationcctvswillcheckinsurancetaxs.png
1760; Julian Assange will fur Australischen Senat kandidieren; http://pentamedia.c3d2.de/submit/2012/03/18/julianassangewillfuraustralischensenatkandid/; http://pentamedia.c3d2.de/static_media/page_shots/2012/03/18/julianassangewillfuraustralischensenatkandid.png
1759; Copyright Math: a quantitative reasoning master class by Rob Reid (video); http://pentamedia.c3d2.de/submit/2012/03/16/copyrightmathaquantitativereasoningmastercl/; http://pentamedia.c3d2.de/static_media/page_shots/2012/03/16/copyrightmathaquantitativereasoningmastercl.png
1758; Speech Synthesizer in 1k Javascript; http://pentamedia.c3d2.de/submit/2012/03/16/speechsynthesizerin1kjavascript/; http://pentamedia.c3d2.de/static_media/page_shots/2012/03/16/speechsynthesizerin1kjavascript.png
1757; 51% of Internet Traffic Is "Non-Human" - Slashdot; http://pentamedia.c3d2.de/submit/2012/03/16/51ofinternettrafficisnon-human-slashdot/; http://pentamedia.c3d2.de/static_media/page_shots/2012/03/16/51ofinternettrafficisnon-human-slashdot.png
1756; Twitter / ?Fabio Pietrosanti?: Symantec Norton Antivirus  ...; http://pentamedia.c3d2.de/submit/2012/03/16/twitterfabiopietrosantisymantecnortonant/; http://pentamedia.c3d2.de/static_media/page_shots/2012/03/16/twitterfabiopietrosantisymantecnortonant.png
1755; Symbolics.com - The first and oldest .com on the Internet; http://pentamedia.c3d2.de/submit/2012/03/16/symbolicscom-thefirstandoldestcomonthei/; http://pentamedia.c3d2.de/static_media/page_shots/2012/03/16/symbolicscom-thefirstandoldestcomonthei.png
1754; GEMA blocks TED talk "How creativity is strangled by law"; http://pentamedia.c3d2.de/submit/2012/03/16/gemablockstedtalkhowcreativityisstrangled/; http://pentamedia.c3d2.de/static_media/page_shots/2012/03/16/gemablockstedtalkhowcreativityisstrangled.png
1753; Werbung: Pwn2Own-Teilnehmer knacken auch Internet Explorer; http://pentamedia.c3d2.de/submit/2012/03/09/heiseonlinepwn2own-teilnehmerknackenauchint/; http://pentamedia.c3d2.de/static_media/page_shots/2012/03/09/heiseonlinepwn2own-teilnehmerknackenauchint.png
1752; Listening to the past: NPS releases historic audio recordings; http://pentamedia.c3d2.de/submit/2012/03/08/listeningtothepastnpsreleaseshistoricaudio/; http://pentamedia.c3d2.de/static_media/page_shots/2012/03/08/no_page_shot_1.png
1751; Unauthorized iOS Apps Leak Private Data Less Than Approved Ones - Slashdot; http://pentamedia.c3d2.de/submit/2012/03/08/unauthorizediosappsleakprivatedatalessthan/; http://pentamedia.c3d2.de/static_media/page_shots/2012/03/08/unauthorizediosappsleakprivatedatalessthan.png
1750; BBC News - Hackers had &#039;full functional control&#039; of Nasa computers; http://pentamedia.c3d2.de/submit/2012/03/08/bbcnews-hackershad039fullfunctionalcontr/; http://pentamedia.c3d2.de/static_media/page_shots/2012/03/08/bbcnews-hackershad039fullfunctionalcontr.png
1749; How Microsoft Pays Big Money To Smear Google In European Parliament - Falkvinge on Infopolicy ; http://pentamedia.c3d2.de/submit/2012/03/08/howmicrosoftpaysbigmoneytosmeargoogleine/; http://pentamedia.c3d2.de/static_media/page_shots/2012/03/08/howmicrosoftpaysbigmoneytosmeargoogleine.png
1748; FBI names, arrests Anon who infiltrated its secret conference call; http://pentamedia.c3d2.de/submit/2012/03/08/fbinamesarrestsanonwhoinfiltrateditssecret/; http://pentamedia.c3d2.de/static_media/page_shots/2012/03/08/fbinamesarrestsanonwhoinfiltrateditssecret.png
1747; The Department of Homeland Security Is Searching Your Facebook and Twitter for These Words &#8212; ANIMAL; http://pentamedia.c3d2.de/submit/2012/03/08/thedepartmentofhomelandsecurityissearching/; http://pentamedia.c3d2.de/static_media/page_shots/2012/03/08/no_page_shot.png
1746; $1B of TSA Nude Body Scanners Made Worthless By Blog &#8212; How Anyone Can Get Anything Past The Scanners  TSA Out of Our Pants!; http://pentamedia.c3d2.de/submit/2012/03/08/1boftsanudebodyscannersmadeworthlessbybl/; http://pentamedia.c3d2.de/static_media/page_shots/2012/03/08/1boftsanudebodyscannersmadeworthlessbybl.png
1745; Doxed: how Sabu was outed by former Anons long before his arrest; http://pentamedia.c3d2.de/submit/2012/03/08/doxedhowsabuwasoutedbyformeranonslongbef/; http://pentamedia.c3d2.de/static_media/page_shots/2012/03/08/doxedhowsabuwasoutedbyformeranonslongbef.png
1744; Obama admin wants warrantless access to cell phone location data; http://pentamedia.c3d2.de/submit/2012/03/08/obamaadminwantswarrantlessaccesstocellphone/; http://pentamedia.c3d2.de/static_media/page_shots/2012/03/08/obamaadminwantswarrantlessaccesstocellphone.png
1743; Chrome Hacked In 5 Minutes At Pwn2Own - Slashdot; http://pentamedia.c3d2.de/submit/2012/03/08/chromehackedin5minutesatpwn2own-slashdot/; http://pentamedia.c3d2.de/static_media/page_shots/2012/03/08/chromehackedin5minutesatpwn2own-slashdot.png
1742; Recycling: Grune wollen 10 Euro Pfand auf Smartphones und Handys - Golem.de; http://pentamedia.c3d2.de/submit/2012/03/08/recyclinggruumlnewollen10europfandaufsma/; http://pentamedia.c3d2.de/static_media/page_shots/2012/03/08/recyclinggruumlnewollen10europfandaufsma.png
1741; Nvidia tritt Linux Foudation bei; http://pentamedia.c3d2.de/submit/2012/03/07/nvidiatrittlinuxfoudationbei/; http://pentamedia.c3d2.de/static_media/page_shots/2012/03/07/nvidiatrittlinuxfoudationbei.png
1740; LulzSec leader "Sabu" worked with FBI since last summer; http://pentamedia.c3d2.de/submit/2012/03/06/lulzsecleaderquotsabuquotworkedwithfbisi/; http://pentamedia.c3d2.de/static_media/page_shots/2012/03/06/lulzsecleaderquotsabuquotworkedwithfbisi.png
1739; BitTorrent's elite switches from Xvid to x264; http://pentamedia.c3d2.de/submit/2012/03/05/bittorrentseliteswitchesfromxvidtox264/; http://pentamedia.c3d2.de/static_media/page_shots/2012/03/05/bittorrentseliteswitchesfromxvidtox264.png
1738; UK police/spies colluded with giant construction firms to build illegal blacklist database of whistleblowers, trade-unionists; http://pentamedia.c3d2.de/submit/2012/03/05/ukpolicespiescolludedwithgiantconstructionf/; http://pentamedia.c3d2.de/static_media/page_shots/2012/03/05/ukpolicespiescolludedwithgiantconstructionf.png
1737; just test; http://pentamedia.c3d2.de/submit/2012/03/05/unveroffentlichtemichaeljackson-songsausdemso/; http://pentamedia.c3d2.de/static_media/page_shots/2012/03/05/unveroffentlichtemichaeljackson-songsausdemso.png
1736; Ralph McQuarrie, 19292012 | Tor.com; http://pentamedia.c3d2.de/submit/2012/03/05/ralphmcquarrie19292012torcom/; http://pentamedia.c3d2.de/static_media/page_shots/2012/03/05/no_page_shot.png
1735; Chrome Users Are Best With Numbers, IE Users Worst - Slashdot; http://pentamedia.c3d2.de/submit/2012/03/04/chromeusersarebestwithnumbersieusersworst/; http://pentamedia.c3d2.de/static_media/page_shots/2012/03/04/chromeusersarebestwithnumbersieusersworst.png
1734; Sony Should Pay For OtherOS Removal, Says Finnish Board - Slashdot; http://pentamedia.c3d2.de/submit/2012/03/04/sonyshouldpayforotherosremovalsaysfinnish/; http://pentamedia.c3d2.de/static_media/page_shots/2012/03/04/sonyshouldpayforotherosremovalsaysfinnish.png
1733; Billigere Hotspot-Tarife mit UserAgent=iPhone/iPad; http://pentamedia.c3d2.de/submit/2012/03/04/billigerehotspot-tarifemituseragentiphoneipad/; http://pentamedia.c3d2.de/static_media/page_shots/2012/03/04/billigerehotspot-tarifemituseragentiphoneipad.png
1732; Police Censor Google, Facebook and 8,000 Other Sites by Accident; http://pentamedia.c3d2.de/submit/2012/03/03/policecensorgooglefacebookand8000othersit/; http://pentamedia.c3d2.de/static_media/page_shots/2012/03/03/policecensorgooglefacebookand8000othersit.png
1731; Android lets apps secretly access and transmit your photos; http://pentamedia.c3d2.de/submit/2012/03/03/androidletsappssecretlyaccessandtransmityou/; http://pentamedia.c3d2.de/static_media/page_shots/2012/03/03/androidletsappssecretlyaccessandtransmityou.png
1730; Hackers Will Replace Terrorists as Top Threat, Says FBI; http://pentamedia.c3d2.de/submit/2012/03/02/hackerswillreplaceterroristsastopthreatsay/; http://pentamedia.c3d2.de/static_media/page_shots/2012/03/02/hackerswillreplaceterroristsastopthreatsay.png
1729; Hactivistas protest brutal Spanish copyright law with flood of complaints; http://pentamedia.c3d2.de/submit/2012/03/02/hactivistasprotestbrutalspanishcopyrightlaww/; http://pentamedia.c3d2.de/static_media/page_shots/2012/03/02/hactivistasprotestbrutalspanishcopyrightlaww.png
1728; Rightclearing: one-stop clearinghouse for music licensing; http://pentamedia.c3d2.de/submit/2012/03/02/rightclearingone-stopclearinghouseformusicli/; http://pentamedia.c3d2.de/static_media/page_shots/2012/03/02/rightclearingone-stopclearinghouseformusicli.png
1727; Georgia school goes lockdown after SMS is autocorrected from "gunna" to "gunman"; http://pentamedia.c3d2.de/submit/2012/03/02/georgiaschoolgoeslockdownaftersmsisautocorr/; http://pentamedia.c3d2.de/static_media/page_shots/2012/03/02/georgiaschoolgoeslockdownaftersmsisautocorr.png
1726; DLR - Blogs - Creative Commons: Die "Jedermann-Lizenz" und die Inhalte des DLR; http://pentamedia.c3d2.de/submit/2012/03/01/dlr-blogs-creativecommonsdiejedermann-liz/; http://pentamedia.c3d2.de/static_media/page_shots/2012/03/01/dlr-blogs-creativecommonsdiejedermann-liz.png
1725; Presidential candidates face patent lawsuit for using Facebook; http://pentamedia.c3d2.de/submit/2012/02/29/presidentialcandidatesfacepatentlawsuitforus/; http://pentamedia.c3d2.de/static_media/page_shots/2012/02/29/presidentialcandidatesfacepatentlawsuitforus.png
1724; BBC News - Twitter partners with Datasift to unlock tweet archive; http://pentamedia.c3d2.de/submit/2012/02/28/bbcnews-twitterpartnerswithdatasifttounloc/; http://pentamedia.c3d2.de/static_media/page_shots/2012/02/28/bbcnews-twitterpartnerswithdatasifttounloc.png
1723; Apple Prepares To Pull Evi From App Store. Did It Slap-Down Siri? | TechCrunch; http://pentamedia.c3d2.de/submit/2012/02/26/applepreparestopullevifromappstoredidit/; http://pentamedia.c3d2.de/static_media/page_shots/2012/02/26/applepreparestopullevifromappstoredidit.png
1722;   Klospiele 2.0 | Planet Gadget Blog; http://pentamedia.c3d2.de/submit/2012/02/26/klospiele20planetgadgetblog/; http://pentamedia.c3d2.de/static_media/page_shots/2012/02/26/klospiele20planetgadgetblog.png
1721; Tongue piercing steers wheelchair; http://pentamedia.c3d2.de/submit/2012/02/25/tonguepiercingsteerswheelchair/; http://pentamedia.c3d2.de/static_media/page_shots/2012/02/25/tonguepiercingsteerswheelchair.png
1720; Gerucht: iBooks DRM Has Been Hacked; http://pentamedia.c3d2.de/submit/2012/02/25/geruchtibooksdrmhasbeenhacked/; http://pentamedia.c3d2.de/static_media/page_shots/2012/02/25/geruchtibooksdrmhasbeenhacked.png
1719; Unknown Title; http://pentamedia.c3d2.de/submit/2012/02/25/unknowntitle036/; http://pentamedia.c3d2.de/static_media/page_shots/2012/02/25/unknowntitle036.png
1718; Inventor of the Modern Pinball Machine Dies At 100 - Slashdot; http://pentamedia.c3d2.de/submit/2012/02/25/inventorofthemodernpinballmachinediesat100/; http://pentamedia.c3d2.de/static_media/page_shots/2012/02/25/inventorofthemodernpinballmachinediesat100.png
1717; Geheimdienste haben 2010 37.292.862 E-Mails uberpruft  netzpolitik.org; http://pentamedia.c3d2.de/submit/2012/02/25/geheimdienstehaben201037292862e-mailsuberpr/; http://pentamedia.c3d2.de/static_media/page_shots/2012/02/25/geheimdienstehaben201037292862e-mailsuberpr.png
1716; Malicious backdoor in open-source messaging apps not spotted for 3 months; http://pentamedia.c3d2.de/submit/2012/02/24/maliciousbackdoorinopen-sourcemessagingappsn/; http://pentamedia.c3d2.de/static_media/page_shots/2012/02/24/maliciousbackdoorinopen-sourcemessagingappsn.png
1715; Urteil in Karlsruhe: Verfassungsrichter schranken Datennutzung durch Ermittler ein - SPIEGEL ONLINE - Nachrichten - Netzwelt; http://pentamedia.c3d2.de/submit/2012/02/24/urteilinkarlsruheverfassungsrichterschranken/; http://pentamedia.c3d2.de/static_media/page_shots/2012/02/24/urteilinkarlsruheverfassungsrichterschranken.png
1714; Government Pressures Twitter to Hand Over Keys to Occupy Wall Street Protester&#039;s Location Data Without a Warrant | Electronic Frontier Foundation; http://pentamedia.c3d2.de/submit/2012/02/24/governmentpressurestwittertohandoverkeysto/; http://pentamedia.c3d2.de/static_media/page_shots/2012/02/24/governmentpressurestwittertohandoverkeysto.png
1713; Thuringer Landtag - Vorlaufige Tagesordnung; http://pentamedia.c3d2.de/submit/2012/02/24/thuringerlandtag-vorlaufigetagesordnung/; http://pentamedia.c3d2.de/static_media/page_shots/2012/02/24/thuringerlandtag-vorlaufigetagesordnung.png
1712; Word Cloud of most common YouPorn Passwords; http://pentamedia.c3d2.de/submit/2012/02/23/wordcloudofmostcommonyoupornpasswords/; http://pentamedia.c3d2.de
1711; heise online | Britische Arzte konnen Apps "verschreiben"; http://pentamedia.c3d2.de/submit/2012/02/23/heiseonlinebritischearztekonnenappsquotv/; http://pentamedia.c3d2.de/static_media/page_shots/2012/02/24/heiseonlinebritischearztekonnenappsquotv.png
1710;  	Google: Please Dont Kill Video on the Web - Microsoft on the Issues - Site Home - TechNet Blogs ; http://pentamedia.c3d2.de/submit/2012/02/23/googlepleasedontkillvideoontheweb-mi/; http://pentamedia.c3d2.de/static_media/page_shots/2012/02/24/googlepleasedontkillvideoontheweb-mi.png
1709; Meedia: Facebook zensiert Titanic-Cover bei MEEDIA; http://pentamedia.c3d2.de/submit/2012/02/22/meediafacebookzensierttitanic-coverbeimeedia/; http://pentamedia.c3d2.de/static_media/page_shots/2012/02/24/no_page_shot.png
1708; heise online | Bericht: Erstmals DDoS-Attacke uber IPv6; http://pentamedia.c3d2.de/submit/2012/02/22/heiseonlineberichterstmalsddos-attackeuber/; http://pentamedia.c3d2.de/static_media/page_shots/2012/02/22/heiseonlineberichterstmalsddos-attackeuber.png
1707; Scientists confirm Alan Turing's 60-year-old theory for why tigers have stripes; http://pentamedia.c3d2.de/submit/2012/02/20/scientistsconfirmalanturings60-year-oldtheor/; http://pentamedia.c3d2.de/static_media/page_shots/2012/02/20/scientistsconfirmalanturings60-year-oldtheor.png
1706; Online-Recht: Richter beschlagnahmt erstmals Facebook-Account; http://pentamedia.c3d2.de/submit/2012/02/20/online-rechtrichterbeschlagnahmterstmalsfaceb/; http://pentamedia.c3d2.de/static_media/page_shots/2012/02/20/online-rechtrichterbeschlagnahmterstmalsfaceb.png
1705; USB stick can sequence DNA in seconds - tech - 17 February 2012 - New Scientist; http://pentamedia.c3d2.de/submit/2012/02/19/usbstickcansequencednainseconds-tech-17/; http://pentamedia.c3d2.de/static_media/page_shots/2012/02/19/usbstickcansequencednainseconds-tech-17.png
1704; Between a rock and a hard place &#8211; our decision to abandon the Mac App Store | Atlassian Blogs; http://pentamedia.c3d2.de/submit/2012/02/19/betweenarockandahardplace8211ourdecisi/; http://pentamedia.c3d2.de/static_media/page_shots/2012/02/19/betweenarockandahardplace8211ourdecisi.png
1703; Offentlich-Rechtliche(!) fordern schnelle Acta-Umsetzung; http://pentamedia.c3d2.de/submit/2012/02/19/offentlich-rechtlichefordernschnelleacta-ums/; http://pentamedia.c3d2.de/static_media/page_shots/2012/02/19/offentlich-rechtlichefordernschnelleacta-ums.png
1702; US-Retailer-Kette ermittelt schwangere Kundinnen anhand von Statistiken; http://pentamedia.c3d2.de/submit/2012/02/17/us-retailer-ketteermitteltschwangerekundinnena/; http://pentamedia.c3d2.de/static_media/page_shots/2012/02/17/us-retailer-ketteermitteltschwangerekundinnena.png
1701; Meet the western technology companies who sell network snooping technology to torturing dictators; http://pentamedia.c3d2.de/submit/2012/02/17/meetthewesterntechnologycompanieswhosellnet/; http://pentamedia.c3d2.de/static_media/page_shots/2012/02/17/meetthewesterntechnologycompanieswhosellnet.png
1700; Polizei in NRW braucht neue Website; http://pentamedia.c3d2.de/submit/2012/02/16/polizeiinnrwbrauchtneuewebsite/; http://pentamedia.c3d2.de/static_media/page_shots/2012/02/16/polizeiinnrwbrauchtneuewebsite.png
1699; heise online | CUPS 1.6 unterstutzt Linux schlechter; http://pentamedia.c3d2.de/submit/2012/02/16/heiseonlinecups16unterstutztlinuxschlecht/; http://pentamedia.c3d2.de/static_media/page_shots/2012/02/16/heiseonlinecups16unterstutztlinuxschlecht.png
1698; heise online | Whistleblowing-Plattform als Malware-Schleuder missbraucht; http://pentamedia.c3d2.de/submit/2012/02/15/heiseonlinewhistleblowing-plattformalsmalwar/; http://pentamedia.c3d2.de/static_media/page_shots/2012/02/15/heiseonlinewhistleblowing-plattformalsmalwar.png
1697; FBI says paying cash for coffee is a sign of terrorist intent; http://pentamedia.c3d2.de/submit/2012/02/14/fbisayspayingcashforcoffeeisasignofterro/; http://pentamedia.c3d2.de/static_media/page_shots/2012/02/14/no_page_shot.png
1696; brokep on the entertainment inustry; http://pentamedia.c3d2.de/submit/2012/02/11/brokepontheentertainmentinustry/; http://pentamedia.c3d2.de/static_media/page_shots/2012/02/11/brokepontheentertainmentinustry.png
1695; Mobilprovider Orange bietet kostenlosen Zugriff auf Wikipedia in Afrika; http://pentamedia.c3d2.de/submit/2012/02/10/mobilproviderorangebietetkostenlosenzugriffau/; http://pentamedia.c3d2.de/static_media/page_shots/2012/02/10/mobilproviderorangebietetkostenlosenzugriffau.png
1694; Foxconn: Firmenserver gehackt, Petition gegen Arbeitsbedingungen | Mac & i; http://pentamedia.c3d2.de/submit/2012/02/09/foxconnfirmenservergehacktpetitiongegenarbe/; http://pentamedia.c3d2.de/static_media/page_shots/2012/02/09/foxconnfirmenservergehacktpetitiongegenarbe.png
1693; Selling Used MP3s Found Legal In America; http://pentamedia.c3d2.de/submit/2012/02/09/sellingusedmp3sfoundlegalinamerica/; http://pentamedia.c3d2.de/static_media/page_shots/2012/02/09/sellingusedmp3sfoundlegalinamerica.png
1692; Patent Troll Claims Ownership of Interactive Web  And Might Win | Threat Level | Wired.com; http://pentamedia.c3d2.de/submit/2012/02/09/patenttrollclaimsownershipofinteractiveweb/; http://pentamedia.c3d2.de/static_media/page_shots/2012/02/09/patenttrollclaimsownershipofinteractiveweb.png
1691; RIAA still raging against Google, Wikipedia for "misuse of power" in SOPA battle; http://pentamedia.c3d2.de/submit/2012/02/09/riaastillragingagainstgooglewikipediaforq/; http://pentamedia.c3d2.de/static_media/page_shots/2012/02/09/riaastillragingagainstgooglewikipediaforq.png
1690; Fur Auskunftsverweigerer der Volkszahlung in Sachsen werden jetzt Zwangsgelder fallig - Mitteldeutschland - Nachrichten - LVZ-Online; http://pentamedia.c3d2.de/submit/2012/02/09/fuumlrauskunftsverweigererdervolkszaumlhlun/; http://pentamedia.c3d2.de/static_media/page_shots/2012/02/09/fuumlrauskunftsverweigererdervolkszaumlhlun.png
1689;  Twitter is harder to resist than cigarettes and alcohol, study finds | Science | The Guardian ; http://pentamedia.c3d2.de/submit/2012/02/08/twitterishardertoresistthancigarettesanda/; http://pentamedia.c3d2.de/static_media/page_shots/2012/02/08/twitterishardertoresistthancigarettesanda.png
1688; Meedia: Penis-Posse: Apple beschneidet G+J-Blatt; http://pentamedia.c3d2.de/submit/2012/02/08/meediapenis-posseapplebeschneidetgj-blatt/; http://pentamedia.c3d2.de/static_media/page_shots/2012/02/08/meediapenis-posseapplebeschneidetgj-blatt.png
1687; No pardon for Alan Turing: House of Lords rejects petition |  The Periscope Post; http://pentamedia.c3d2.de/submit/2012/02/08/nopardonforalanturinghouseoflordsrejects/; http://pentamedia.c3d2.de/static_media/page_shots/2012/02/08/nopardonforalanturinghouseoflordsrejects.png
1686; The three patents Microsoft is hammering the Nook withand why they may be invalid; http://pentamedia.c3d2.de/submit/2012/02/08/thethreepatentsmicrosoftishammeringthenook/; http://pentamedia.c3d2.de/static_media/page_shots/2012/02/08/thethreepatentsmicrosoftishammeringthenook.png
1685; WebM and WebP Hand Ported to JavaScript for All Browsers - Badass JavaScript; http://pentamedia.c3d2.de/submit/2012/02/08/webmandwebphandportedtojavascriptforallbr/; http://pentamedia.c3d2.de/static_media/page_shots/2012/02/08/no_page_shot.png
1684; Google's New Privacy Policy: Close But No Cigar; http://pentamedia.c3d2.de/submit/2012/02/08/googlesnewprivacypolicyclosebutnocigar/; http://pentamedia.c3d2.de/static_media/page_shots/2012/02/08/googlesnewprivacypolicyclosebutnocigar.png
1683; Romania's prime minister doesn't know why he signed ACTA, Czech Republic's out; http://pentamedia.c3d2.de/submit/2012/02/07/romaniasprimeministerdoesntknowwhyhesigne/; http://pentamedia.c3d2.de/static_media/page_shots/2012/02/07/romaniasprimeministerdoesntknowwhyhesigne.png
1682; 		Honeywell hits Nest with a law suit over smart thermostat  		Cleantech News and Analysis	; http://pentamedia.c3d2.de/submit/2012/02/06/honeywellhitsnestwithalawsuitoversmart/; http://pentamedia.c3d2.de/static_media/page_shots/2012/02/06/honeywellhitsnestwithalawsuitoversmart.png
1681; Sudkoreaner wegen Tweet "Lang lebe King Jong Il!" verhaftet; http://pentamedia.c3d2.de/submit/2012/02/06/sudkoreanerwegentweetlanglebekingjongil/; http://pentamedia.c3d2.de/static_media/page_shots/2012/02/06/sudkoreanerwegentweetlanglebekingjongil.png
1680; Verband Deutscher Verkehrsunternehmen hat Angst vor Social Media-Schwarzfahrern; http://pentamedia.c3d2.de/submit/2012/02/05/verbanddeutscherverkehrsunternehmenhatangstvo/; http://pentamedia.c3d2.de/static_media/page_shots/2012/02/05/verbanddeutscherverkehrsunternehmenhatangstvo.png
1679; Neuentdeckung auf Kuba: Fidel Castro halt Internet fur revolutionar - IT + Telekommunikation - Technologie - Handelsblatt; http://pentamedia.c3d2.de/submit/2012/02/05/neuentdeckungaufkubafidelcastrohaltinternet/; http://pentamedia.c3d2.de/static_media/page_shots/2012/02/05/neuentdeckungaufkubafidelcastrohaltinternet.png
1678; O2 sends users's phone number to websites; http://pentamedia.c3d2.de/submit/2012/02/04/o2sendsuserssphonenumbertowebsites/; http://pentamedia.c3d2.de/static_media/page_shots/2012/02/04/o2sendsuserssphonenumbertowebsites.png
1677; law blog Archiv    Monitor und Tastatur; http://pentamedia.c3d2.de/submit/2012/02/04/lawblograquoarchivraquomonitorundtast/; http://pentamedia.c3d2.de/static_media/page_shots/2012/02/04/lawblograquoarchivraquomonitorundtast.png
1676; Apple FileVault cracked in under an hour by forensics biz  The Register; http://pentamedia.c3d2.de/submit/2012/02/04/applefilevaultcrackedinunderanhourbyforens/; http://pentamedia.c3d2.de/static_media/page_shots/2012/02/04/applefilevaultcrackedinunderanhourbyforens.png
1675; Satellite phone encryption cracked - Telegraph; http://pentamedia.c3d2.de/submit/2012/02/04/satellitephoneencryptioncracked-telegraph/; http://pentamedia.c3d2.de/static_media/page_shots/2012/02/04/satellitephoneencryptioncracked-telegraph.png
1674; heise online | Anonymous demutigt FBI und Scotland Yard; http://pentamedia.c3d2.de/submit/2012/02/04/heiseonlineanonymousdemutigtfbiundscotland/; http://pentamedia.c3d2.de/static_media/page_shots/2012/02/04/heiseonlineanonymousdemutigtfbiundscotland.png
1673;  Google Inc. (NASDAQ:GOOG) Sponsors Tea Party Conference; http://pentamedia.c3d2.de/submit/2012/02/03/googleincnasdaqgoogsponsorsteapartyconf/; http://pentamedia.c3d2.de/static_media/page_shots/2012/02/03/googleincnasdaqgoogsponsorsteapartyconf.png
1672; php.internals: The case of HTTP response splitting protection in PHP; http://pentamedia.c3d2.de/submit/2012/02/03/phpinternalsthecaseofhttpresponsesplitting/; http://pentamedia.c3d2.de/static_media/page_shots/2012/02/03/phpinternalsthecaseofhttpresponsesplitting.png
1671; Beyond ACTA: next secret copyright agreement negotiated this weekin Hollywood; http://pentamedia.c3d2.de/submit/2012/02/03/beyondactanextsecretcopyrightagreementnegot/; http://pentamedia.c3d2.de/static_media/page_shots/2012/02/03/beyondactanextsecretcopyrightagreementnegot.png
1670; VeriSign admits it was hacked repeatedly in 2010, staff didn&#8217;t tell senior management | Naked Security; http://pentamedia.c3d2.de/submit/2012/02/03/verisignadmitsitwashackedrepeatedlyin2010/; http://pentamedia.c3d2.de/static_media/page_shots/2012/02/03/verisignadmitsitwashackedrepeatedlyin2010.png
1669; The Apple Bug That Let Us Spy on a Total Stranger's iPhone; http://pentamedia.c3d2.de/submit/2012/02/02/theapplebugthatletusspyonatotalstranger/; http://pentamedia.c3d2.de/static_media/page_shots/2012/02/02/theapplebugthatletusspyonatotalstranger.png
1668; TPB Fehlurteil, TLD change to .se; http://pentamedia.c3d2.de/submit/2012/02/02/unknowntitle035/; http://pentamedia.c3d2.de/static_media/page_shots/2012/02/02/unknowntitle035.png
1667; 		Neil Young is right &#8212; piracy is the new radio  		Tech News and Analysis	; http://pentamedia.c3d2.de/submit/2012/02/02/neilyoungisright8212piracyisthenewr/; http://pentamedia.c3d2.de/static_media/page_shots/2012/02/02/neilyoungisright8212piracyisthenewr.png
1666; TCP/IP over Lego model train | ExtremeTech; http://pentamedia.c3d2.de/submit/2012/02/01/tcpipoverlegomodeltrainextremetech/; http://pentamedia.c3d2.de/static_media/page_shots/2012/02/01/tcpipoverlegomodeltrainextremetech.png
1665; tsa fail; http://pentamedia.c3d2.de/submit/2012/02/01/tsafail/; http://pentamedia.c3d2.de/static_media/page_shots/2012/02/01/tsafail.png
1664; Facebook, Twitter undMyspace zusammen gegen vergoogelung; http://pentamedia.c3d2.de/submit/2012/02/01/facebooktwitterundmyspacezusammengegenvergoo/; http://pentamedia.c3d2.de/static_media/page_shots/2012/02/01/facebooktwitterundmyspacezusammengegenvergoo.png
1663; post bleibt pest; http://pentamedia.c3d2.de/submit/2012/02/01/postbleibtpest/; http://pentamedia.c3d2.de/static_media/page_shots/2012/02/01/postbleibtpest.png
1662; Turkish fans send abuse via QR code banner!  ; http://pentamedia.c3d2.de/submit/2012/01/31/turkishfanssendabuseviaqrcodebannerraquo/; http://pentamedia.c3d2.de/static_media/page_shots/2012/01/31/turkishfanssendabuseviaqrcodebannerraquo.png
1661; Attorney General set to destroy tens of millions of users' legitimate MegaUpload files; http://pentamedia.c3d2.de/submit/2012/01/31/attorneygeneralsettodestroytensofmillionso/; http://pentamedia.c3d2.de/static_media/page_shots/2012/01/31/attorneygeneralsettodestroytensofmillionso.png
1660; US-College: 12 Jahre alte Malware entdeckt - News - gulli.com; http://pentamedia.c3d2.de/submit/2012/01/30/us-college12jahrealtemalwareentdeckt-news/; http://pentamedia.c3d2.de/static_media/page_shots/2012/01/30/us-college12jahrealtemalwareentdeckt-news.png
1659; It's true, the 3 copyrighted white lines; http://pentamedia.c3d2.de/submit/2012/01/30/itstruethe3copyrightedwhitelines/; http://pentamedia.c3d2.de/static_media/page_shots/2012/01/30/itstruethe3copyrightedwhitelines.png
1658; Schneier on Security: British Tourists Arrested in the U.S. for Tweeting; http://pentamedia.c3d2.de/submit/2012/01/30/schneieronsecuritybritishtouristsarrestedin/; http://pentamedia.c3d2.de/static_media/page_shots/2012/01/30/schneieronsecuritybritishtouristsarrestedin.png
1657; Software piracy is vital to preservation; http://pentamedia.c3d2.de/submit/2012/01/27/softwarepiracyisvitaltopreservation/; http://pentamedia.c3d2.de/static_media/page_shots/2012/01/27/softwarepiracyisvitaltopreservation.png
1656; RePress: a WordPress plugin for proxying around national firewalls; http://pentamedia.c3d2.de/submit/2012/01/27/repressawordpresspluginforproxyingaroundna/; http://pentamedia.c3d2.de/static_media/page_shots/2012/01/27/repressawordpresspluginforproxyingaroundna.png
1655; Twitter Will Censor Certain Tweets In Certain Countries; http://pentamedia.c3d2.de/submit/2012/01/26/twitterwillcensorcertaintweetsincertaincoun/; http://pentamedia.c3d2.de/static_media/page_shots/2012/01/26/twitterwillcensorcertaintweetsincertaincoun.png
1654; Polnische Oppositionspartei protestiert mit Guy Fawkes-Masken gegen ACTA; http://pentamedia.c3d2.de/submit/2012/01/26/polnischeoppositionsparteiprotestiertmitguyfa/; http://pentamedia.c3d2.de/static_media/page_shots/2012/01/26/polnischeoppositionsparteiprotestiertmitguyfa.png
1653; Wil Wheaton Says MPAA Accounting Creates More Losses Than Piracy; http://pentamedia.c3d2.de/submit/2012/01/25/wilwheatonsaysmpaaaccountingcreatesmoreloss/; http://pentamedia.c3d2.de/static_media/page_shots/2012/01/25/no_page_shot.png
1652; No More Resumes, Say Some Firms; http://pentamedia.c3d2.de/submit/2012/01/24/nomoreresumessaysomefirms/; http://pentamedia.c3d2.de/static_media/page_shots/2012/01/24/nomoreresumessaysomefirms.png
1651; TPB jetzt mit Sektion fur druckbare 3D-Modelle; http://pentamedia.c3d2.de/submit/2012/01/24/tpbjetztmitsektionfurdruckbare3d-modelle/; http://pentamedia.c3d2.de/static_media/page_shots/2012/01/24/tpbjetztmitsektionfurdruckbare3d-modelle.png
1650; Falkvinge: Its Time To Go On The Offensive For Freedom Of Speech; http://pentamedia.c3d2.de/submit/2012/01/22/falkvingeitstimetogoontheoffensiveforfr/; http://pentamedia.c3d2.de/static_media/page_shots/2012/01/23/falkvingeitstimetogoontheoffensiveforfr.png
1649; Mehr Desktop-Browser mit WebM als mit H.264 unterwegs; http://pentamedia.c3d2.de/submit/2012/01/21/mehrdesktop-browsermitwebmalsmith264unterw/; http://pentamedia.c3d2.de/static_media/page_shots/2012/01/21/mehrdesktop-browsermitwebmalsmith264unterw.png
1648; Apple&#039;s mind-bogglingly greedy and evil license agreement | ZDNet ; http://pentamedia.c3d2.de/submit/2012/01/20/apple039smind-bogglinglygreedyandevillicen/; http://pentamedia.c3d2.de/static_media/page_shots/2012/01/20/apple039smind-bogglinglygreedyandevillicen.png
1647; Cisco lasst ssh mit root zugriff offen; http://pentamedia.c3d2.de/submit/2012/01/20/ciscolasstsshmitrootzugriffoffen/; http://pentamedia.c3d2.de/static_media/page_shots/2012/01/20/ciscolasstsshmitrootzugriffoffen.png
1646; WiFi signal with racist, anti-Semitic slur in Teaneck, NJ sparks police probe; signal came from rec center router  - NY Daily News; http://pentamedia.c3d2.de/submit/2012/01/20/wifisignalwithracistanti-semiticslurintean/; http://pentamedia.c3d2.de/static_media/page_shots/2012/01/20/wifisignalwithracistanti-semiticslurintean.png
1645; phenolit-us.org geloscht; http://pentamedia.c3d2.de/submit/2012/01/20/twitter004/; http://pentamedia.c3d2.de/static_media/page_shots/2012/01/20/twitter004.png
1644; McAfee-Kunden als Spam-Schleuder missbraucht | heise Security; http://pentamedia.c3d2.de/submit/2012/01/20/mcafee-kundenalsspam-schleudermissbrauchthei/; http://pentamedia.c3d2.de/static_media/page_shots/2012/01/20/mcafee-kundenalsspam-schleudermissbrauchthei.png
1643; biometrie fur'n arsch; http://pentamedia.c3d2.de/submit/2012/01/19/biometriefurnarsch/; http://pentamedia.c3d2.de/static_media/page_shots/2012/01/19/biometriefurnarsch.png
1642; Symantec Admits Its Networks Were Hacked in 2006 - Slashdot; http://pentamedia.c3d2.de/submit/2012/01/19/symantecadmitsitsnetworkswerehackedin2006/; http://pentamedia.c3d2.de/static_media/page_shots/2012/01/19/symantecadmitsitsnetworkswerehackedin2006.png
1641; Massenhafte Funkzellenabfrage jetzt auch in Berlin: Was Vorratsdatenspeicherung wirklich bedeutet  Von Andre Meister  netzpolitik.org; http://pentamedia.c3d2.de/submit/2012/01/19/massenhaftefunkzellenabfragejetztauchinberlin/; http://pentamedia.c3d2.de/static_media/page_shots/2012/01/19/massenhaftefunkzellenabfragejetztauchinberlin.png
1639; Gesperrte X-Sitzung lasst sich mit einer Tastenkombination umgehen; http://pentamedia.c3d2.de/submit/2012/01/19/gesperrtex-sitzunglasstsichmiteinertastenkom/; http://pentamedia.c3d2.de/static_media/page_shots/2012/01/19/gesperrtex-sitzunglasstsichmiteinertastenkom.png
1638;             It was a happy New Year's Day for gang who pulled off...R42m Postbank heist - Times LIVE        ; http://pentamedia.c3d2.de/submit/2012/01/18/itwasahappynewyearsdayforgan/; http://pentamedia.c3d2.de/static_media/page_shots/2012/01/18/no_page_shot.png
1637; Quiz: Cop or Soldier?; http://pentamedia.c3d2.de/submit/2012/01/17/quizcoporsoldier/; http://pentamedia.c3d2.de/static_media/page_shots/2012/01/17/quizcoporsoldier.png
1636;         Google IP Vandalizing OpenStreetMap - OpenGeoData    ; http://pentamedia.c3d2.de/submit/2012/01/17/googleipvandalizingopenstreetmap-op/; http://pentamedia.c3d2.de/static_media/page_shots/2012/01/17/googleipvandalizingopenstreetmap-op.png
1635;  Apple Joins Fair Labor Association -- WASHINGTON, Jan. 13, 2012 /PRNewswire-USNewswire/ --; http://pentamedia.c3d2.de/submit/2012/01/16/applejoinsfairlaborassociation-washington/; http://pentamedia.c3d2.de/static_media/page_shots/2012/01/16/applejoinsfairlaborassociation-washington.png
1634; heise online | 24 Millionen Datensatze bei Amazon-Tochter gestohlen; http://pentamedia.c3d2.de/submit/2012/01/16/heiseonline24millionendatensatzebeiamazon/; http://pentamedia.c3d2.de/static_media/page_shots/2012/01/16/heiseonline24millionendatensatzebeiamazon.png
1633; Facebook Responsible for A Third of Divorces in UK? | ITProPortal.com; http://pentamedia.c3d2.de/submit/2012/01/15/facebookresponsibleforathirdofdivorcesinuk/; http://pentamedia.c3d2.de/static_media/page_shots/2012/01/15/facebookresponsibleforathirdofdivorcesinuk.png
1632; E-voting machines for sale or disposal - RTE News; http://pentamedia.c3d2.de/submit/2012/01/15/e-votingmachinesforsaleordisposal-rtenews/; http://pentamedia.c3d2.de/static_media/page_shots/2012/01/15/e-votingmachinesforsaleordisposal-rtenews.png
1631; Homeless Long Island Teenager Is Intel Competition Semifinalist  CBS New York; http://pentamedia.c3d2.de/submit/2012/01/15/homelesslongislandteenagerisintelcompetition/; http://pentamedia.c3d2.de/static_media/page_shots/2012/01/15/homelesslongislandteenagerisintelcompetition.png
1630; SELinux News   Blog Archive    SE Android Released; http://pentamedia.c3d2.de/submit/2012/01/15/selinuxnewsraquoblogarchiveraquosean/; http://pentamedia.c3d2.de/static_media/page_shots/2012/01/15/selinuxnewsraquoblogarchiveraquosean.png
1629; Telefonuberwachungen: Drei Viertel aller Lauschangriffe rechtswidrig - SPIEGEL ONLINE - Nachrichten - Politik; http://pentamedia.c3d2.de/submit/2012/01/15/telefonuberwachungendreiviertelallerlauschang/; http://pentamedia.c3d2.de/static_media/page_shots/2012/01/15/telefonuberwachungendreiviertelallerlauschang.png
1628; Geheime Daten bei Japans Raumfahrtagentur gestohlen | heise Security; http://pentamedia.c3d2.de/submit/2012/01/15/geheimedatenbeijapansraumfahrtagenturgestohle/; http://pentamedia.c3d2.de/static_media/page_shots/2012/01/15/geheimedatenbeijapansraumfahrtagenturgestohle.png
1627; The Pirate Bay To Stop Serving Torrent Files - Slashdot; http://pentamedia.c3d2.de/submit/2012/01/15/thepiratebaytostopservingtorrentfiles-sla/; http://pentamedia.c3d2.de/static_media/page_shots/2012/01/15/thepiratebaytostopservingtorrentfiles-sla.png
1626; Interne Papiere uber Rasterfahndung in Brandenburg geleakt | iX; http://pentamedia.c3d2.de/submit/2012/01/15/internepapiereuberrasterfahndunginbrandenburg001/; http://pentamedia.c3d2.de/static_media/page_shots/2012/01/15/internepapiereuberrasterfahndunginbrandenburg001.png
1625; Interne Papiere uber Rasterfahndung in Brandenburg geleakt; http://pentamedia.c3d2.de/submit/2012/01/15/internepapiereuberrasterfahndunginbrandenburg/; http://pentamedia.c3d2.de/static_media/page_shots/2012/01/15/internepapiereuberrasterfahndunginbrandenburg.png
1624; White House rejects SOPA and PIPA; http://pentamedia.c3d2.de/submit/2012/01/15/whitehouserejectssopaandpipa/; http://pentamedia.c3d2.de/static_media/page_shots/2012/01/15/whitehouserejectssopaandpipa.png
1623; CyanogenMod, the free/open port of Android, gains traction; http://pentamedia.c3d2.de/submit/2012/01/15/cyanogenmodthefreeopenportofandroidgains/; http://pentamedia.c3d2.de/static_media/page_shots/2012/01/15/cyanogenmodthefreeopenportofandroidgains.png
1622; Brazil: Answering work emails after hours is overtime; http://pentamedia.c3d2.de/submit/2012/01/15/brazilansweringworkemailsafterhoursisovert/; http://pentamedia.c3d2.de/static_media/page_shots/2012/01/15/brazilansweringworkemailsafterhoursisovert.png
1621; Microsoft erzwingt UFEI BIOS; http://pentamedia.c3d2.de/submit/2012/01/14/microsofterzwingtufeibios/; http://pentamedia.c3d2.de/static_media/page_shots/2012/01/14/microsofterzwingtufeibios.png
1620; TSA's brags about not catching any terrorists, proves its own irrelevance; http://pentamedia.c3d2.de/submit/2012/01/13/tsasbragsaboutnotcatchinganyterroristspro/; http://pentamedia.c3d2.de/static_media/page_shots/2012/01/13/tsasbragsaboutnotcatchinganyterroristspro.png
1619; Apple will in die Schulen; http://pentamedia.c3d2.de/submit/2012/01/13/applewillindieschulen/; http://pentamedia.c3d2.de/static_media/page_shots/2012/01/13/applewillindieschulen.png
1618; Twitter klaut Android-Adressbuch von Python-Erfinder; verlat Richtung G+; http://pentamedia.c3d2.de/submit/2012/01/10/twitterklautandroid-adressbuchvonpython-erfind/; http://pentamedia.c3d2.de/static_media/page_shots/2012/01/10/twitterklautandroid-adressbuchvonpython-erfind.png
1617; 	London gets massive free wi-fi zone - Networking - Technology - News - iTnews.com.au; http://pentamedia.c3d2.de/submit/2012/01/10/londongetsmassivefreewi-fizone-networkin/; http://pentamedia.c3d2.de/static_media/page_shots/2012/01/10/no_page_shot.png
1616; E-ballot device for presidential vote has bugs, report confirms | Security - CNET News; http://pentamedia.c3d2.de/submit/2012/01/09/e-ballotdeviceforpresidentialvotehasbugsre/; http://pentamedia.c3d2.de/static_media/page_shots/2012/01/09/e-ballotdeviceforpresidentialvotehasbugsre.png
1615; PhysOrg Mobile: Indian hacker lords have Symantec antivirus code; http://pentamedia.c3d2.de/submit/2012/01/09/physorgmobileindianhackerlordshavesymantec/; http://pentamedia.c3d2.de/static_media/page_shots/2012/01/09/physorgmobileindianhackerlordshavesymantec.png
1614; Immer mehr Linux auf dem Desktop | heise open; http://pentamedia.c3d2.de/submit/2012/01/09/immermehrlinuxaufdemdesktopheiseopen/; http://pentamedia.c3d2.de/static_media/page_shots/2012/01/09/immermehrlinuxaufdemdesktopheiseopen.png
1613;     Pirate Bay block comes into force in Finland | News | YLE Uutiset | yle.fi; http://pentamedia.c3d2.de/submit/2012/01/09/piratebayblockcomesintoforceinfinland/; http://pentamedia.c3d2.de/static_media/page_shots/2012/01/09/piratebayblockcomesintoforceinfinland.png
1612; Hackerangriff auf Bundespolizei: Fieser Gru an den neugierigen Papa - SPIEGEL ONLINE - Nachrichten - Netzwelt; http://pentamedia.c3d2.de/submit/2012/01/09/hackerangriffaufbundespolizeifiesergruande/; http://pentamedia.c3d2.de/static_media/page_shots/2012/01/09/hackerangriffaufbundespolizeifiesergruande.png
1611; UK Government Betrayal of Open Standards Confirmed - Open Enterprise; http://pentamedia.c3d2.de/submit/2012/01/09/ukgovernmentbetrayalofopenstandardsconfirmed/; http://pentamedia.c3d2.de/static_media/page_shots/2012/01/09/ukgovernmentbetrayalofopenstandardsconfirmed.png
1610; <script>alert("pwn3d")</script>; http://pentamedia.c3d2.de/submit/2012/01/07/scriptalertpwn3dscript/; http://pentamedia.c3d2.de/static_media/page_shots/2012/01/07/scriptalertpwn3dscript.png
1609; selbstauskunft.net: automatisiert Auskunftsersuchen bei 79 Inkassoburos, Auskunfteien, Datensammlern; http://pentamedia.c3d2.de/submit/2012/01/07/selbstauskunftnetautomatisiertauskunftsersuche/; http://pentamedia.c3d2.de/static_media/page_shots/2012/01/07/selbstauskunftnetautomatisiertauskunftsersuche.png
1608; heise online | Bericht: USA drohten Spanien im Streit um Copyright-Schutz; http://pentamedia.c3d2.de/submit/2012/01/07/heiseonlineberichtusadrohtenspanienimstr/; http://pentamedia.c3d2.de/static_media/page_shots/2012/01/07/heiseonlineberichtusadrohtenspanienimstr.png
1607; Nokia soll Smartphone-Segment an Microsoft verkaufen; http://pentamedia.c3d2.de/submit/2012/01/06/nokiasollsmartphone-segmentanmicrosoftverkauf/; http://pentamedia.c3d2.de/static_media/page_shots/2012/01/06/nokiasollsmartphone-segmentanmicrosoftverkauf.png
1606; Man convicted of murder gets retrial after virus eats transcripts  The Register; http://pentamedia.c3d2.de/submit/2012/01/05/manconvictedofmurdergetsretrialafterviruse/; http://pentamedia.c3d2.de/static_media/page_shots/2012/01/05/manconvictedofmurdergetsretrialafterviruse.png
1605; Canadian Parliament: a notorious pirate marketplace; http://pentamedia.c3d2.de/submit/2012/01/05/canadianparliamentanotoriouspiratemarketplac/; http://pentamedia.c3d2.de/static_media/page_shots/2012/01/05/canadianparliamentanotoriouspiratemarketplac.png
1604; Google-DNS zensiert hd-torrents.org; http://pentamedia.c3d2.de/submit/2012/01/05/google-dnszensierthd-torrentsorg/; http://pentamedia.c3d2.de/static_media/page_shots/2012/01/05/google-dnszensierthd-torrentsorg.png
1603; IIS nur noch #3; http://pentamedia.c3d2.de/submit/2012/01/05/unknowntitle034/; http://pentamedia.c3d2.de/static_media/page_shots/2012/01/05/unknowntitle034.png
1602; Linux Foundation sites back in action | ITworld; http://pentamedia.c3d2.de/submit/2012/01/05/linuxfoundationsitesbackinactionitworld/; http://pentamedia.c3d2.de/static_media/page_shots/2012/01/05/linuxfoundationsitesbackinactionitworld.png
1601; Der C64 wird 30; http://pentamedia.c3d2.de/submit/2012/01/04/derc64wird30/; http://pentamedia.c3d2.de/static_media/page_shots/2012/01/04/derc64wird30.png
1600; File Sharing Approved As An Official Religion In Sweden - Falkvinge on Infopolicy ; http://pentamedia.c3d2.de/submit/2012/01/04/filesharingapprovedasanofficialreligionin/; http://pentamedia.c3d2.de/static_media/page_shots/2012/01/04/filesharingapprovedasanofficialreligionin.png
1599; Spanien kriegt Zensur gegen Raubkopierer; http://pentamedia.c3d2.de/submit/2012/01/04/spanienkriegtzensurgegenraubkopierer/; http://pentamedia.c3d2.de/static_media/page_shots/2012/01/04/spanienkriegtzensurgegenraubkopierer.png
1598; WLAN in Malaysias Restaurants Pflicht | Digital Life | futurezone.at: Technology-News; http://pentamedia.c3d2.de/submit/2012/01/04/wlaninmalaysiasrestaurantspflichtdigitalli/; http://pentamedia.c3d2.de/static_media/page_shots/2012/01/04/wlaninmalaysiasrestaurantspflichtdigitalli.png
1597; Stratfor Passwort Analyse; http://pentamedia.c3d2.de/submit/2012/01/03/unknowntitle033/; http://pentamedia.c3d2.de/static_media/page_shots/2012/01/03/unknowntitle033.png
1596; Bald Linux in der Windows Azure Cloud; http://pentamedia.c3d2.de/submit/2012/01/03/baldlinuxinderwindowsazurecloud/; http://pentamedia.c3d2.de/static_media/page_shots/2012/01/03/baldlinuxinderwindowsazurecloud.png
1595; Richard Stallman Was Right All Along; http://pentamedia.c3d2.de/submit/2012/01/03/richardstallmanwasrightallalong/; http://pentamedia.c3d2.de/static_media/page_shots/2012/01/03/richardstallmanwasrightallalong.png
1593; Alan Turing commemorative stamp - Boing Boing; http://pentamedia.c3d2.de/submit/2012/01/03/alanturingcommemorativestamp-boingboing/; http://pentamedia.c3d2.de/static_media/page_shots/2012/01/03/alanturingcommemorativestamp-boingboing.png
1592; Philips Patent verletzt - Ladenbesitzer verklagt; http://pentamedia.c3d2.de/submit/2012/01/01/philipspatentverletzt-ladenbesitzerverklagt/; http://pentamedia.c3d2.de/static_media/page_shots/2012/01/01/philipspatentverletzt-ladenbesitzerverklagt.png
1591; Orangutans To Skype Between Zoos With iPads; http://pentamedia.c3d2.de/submit/2011/12/30/orangutanstoskypebetweenzooswithipads/; http://pentamedia.c3d2.de/static_media/page_shots/2011/12/30/orangutanstoskypebetweenzooswithipads.png
